theory_id,paper_url,paper_name,paper_year
T9512,https://www.ncbi.nlm.nih.gov/pmc/articles/PMC34102/,A simple method to assess the oxidative susceptibility of low density lipoproteins,2001
T7395,https://www.ncbi.nlm.nih.gov/pmc/articles/PMC37548/,Non-enzymatic glycosylation of a type I collagen matrix: effects on osteoblastic development and oxidative stress,2001
T0775,https://www.ncbi.nlm.nih.gov/pmc/articles/PMC88955/,"Frailty, fitness and late-life mortality in relation to chronological and biological age",2002
T9545,https://www.ncbi.nlm.nih.gov/pmc/articles/PMC100787/,The equivalence of numbers: The social value of avoiding health decline: An experimental web-based study,2002
T0486,https://www.ncbi.nlm.nih.gov/pmc/articles/PMC113771/,Impact of UVA exposure on psychological parameters and circulating serotonin and melatonin,2002
T5029,https://www.ncbi.nlm.nih.gov/pmc/articles/PMC116615/,How hyperglycemia promotes atherosclerosis: molecular mechanisms,2002
T1424,https://www.ncbi.nlm.nih.gov/pmc/articles/PMC128900/,Bone loss: Therapeutic approaches for preventing bone loss in inflammatory arthritis,2001
T3891,https://www.ncbi.nlm.nih.gov/pmc/articles/PMC138717/,Mammary cancer and epithelial stem cells: a problem or a solution?,2002
T5854,https://www.ncbi.nlm.nih.gov/pmc/articles/PMC138869/,Aging in the post-genomic era: simple or complex?,2000
T7379,https://www.ncbi.nlm.nih.gov/pmc/articles/PMC139368/,Revealing the intricacies of cancer,2002
T9512,https://www.ncbi.nlm.nih.gov/pmc/articles/PMC139384/,Oxidative stress responses - what have genome-scale studies taught us?,2002
T9512,https://www.ncbi.nlm.nih.gov/pmc/articles/PMC140143/,Intimal redox stress: Accelerated atherosclerosis in metabolic syndrome and type 2 diabetes mellitus.  Atheroscleropathy,2002
T9512,https://www.ncbi.nlm.nih.gov/pmc/articles/PMC140319/,Analysis of nuclear fiber cell compaction in transparent and cataractous diabetic human lenses by scanning electron microscopy,2003
T0651,https://www.ncbi.nlm.nih.gov/pmc/articles/PMC150511/,Oxygen-sensing mechanisms and the regulation of redox-responsive transcription factors in development and pathophysiology,2002
T9512,https://www.ncbi.nlm.nih.gov/pmc/articles/PMC151307/,"A search for doxycycline-dependent mutations that increase Drosophila melanogaster life span identifies the VhaSFD, Sugar baby, filamin, fwd and Cctl genes",2003
T9512,https://www.ncbi.nlm.nih.gov/pmc/articles/PMC153445/,Science review: Redox and oxygen-sensitive transcription factors in the regulation of oxidant-mediated lung injury: role for nuclear factor-κB,2002
T5430,https://www.ncbi.nlm.nih.gov/pmc/articles/PMC154132/,Complex roles for telomeres and telomerase in breast carcinogenesis,2002
T9545,https://www.ncbi.nlm.nih.gov/pmc/articles/PMC156025/,PopMod: a longitudinal population model with two interacting disease states,2003
T5029,https://www.ncbi.nlm.nih.gov/pmc/articles/PMC161821/,"Multiple luteinizing hormone receptor (LHR) protein variants, interspecies reactivity of anti-LHR mAb clone 3B5, subcellular localization of LHR in human placenta, pelvic floor and brain, and possible role for LHR in the development of abnormal pregnancy, pelvic floor disorders and Alzheimer's disease",2003
T5029,https://www.ncbi.nlm.nih.gov/pmc/articles/PMC179885/,Estrogen in the adult male reproductive tract: A review,2003
T9580,https://www.ncbi.nlm.nih.gov/pmc/articles/PMC185249/,"Growth factor signaling in lung morphogenetic centers: automaticity, stereotypy and symmetry",2003
T0697,https://www.ncbi.nlm.nih.gov/pmc/articles/PMC193735/,"Ageing, autoimmunity and arthritis: T-cell senescence and contraction of T-cell repertoire diversity – catalysts of autoimmunity and chronic inflammation",2003
T5430,https://www.ncbi.nlm.nih.gov/pmc/articles/PMC193738/,"Ageing, autoimmunity and arthritis: An introduction",2003
T9545,https://www.ncbi.nlm.nih.gov/pmc/articles/PMC222917/,The development and preliminary validation of a Preference-Based Stroke Index (PBSI),2003
T1455,https://www.ncbi.nlm.nih.gov/pmc/articles/PMC7615773/,Dysregulated bidirectional epithelial–mesenchymal crosstalk: A core determinant of lung fibrosis progression,2024
T2021,https://www.ncbi.nlm.nih.gov/pmc/articles/PMC7616710/,Hematopoietic aging promotes cancer by fueling IL-1α-driven emergency myelopoiesis,2024
T5854,https://www.ncbi.nlm.nih.gov/pmc/articles/PMC7616751/,Modifiable risk factors and inflammation-related proteins in polymyalgia rheumatica: genome-wide meta-analysis and Mendelian randomization,2024
T2620,https://www.ncbi.nlm.nih.gov/pmc/articles/PMC7617408/,Imperfect Wound Healing Sets the Stage for Chronic Diseases,2024
T6362,https://www.ncbi.nlm.nih.gov/pmc/articles/PMC7617592/,"Cells of all trades: On the importance of spatial positioning of senescent cells in development, healing and aging",2025
T7395,https://www.ncbi.nlm.nih.gov/pmc/articles/PMC7617754/,Decoding the Liver-Heart Axis in Cardiometabolic Diseases,2025
T6362,https://www.ncbi.nlm.nih.gov/pmc/articles/PMC7617900/,The human placenta and its role in reproductive outcomes revisited,2025
T2021,https://www.ncbi.nlm.nih.gov/pmc/articles/PMC7618201/,CD4 T cell therapy counteracts inflammaging and senescence by preserving gut barrier integrity,2025
T6362,https://www.ncbi.nlm.nih.gov/pmc/articles/PMC9934591/,Late-life isoleucine restriction promotes physiological and molecular signatures of healthy aging,2024
T7305,https://www.ncbi.nlm.nih.gov/pmc/articles/PMC10081252/,Proteostasis and lysosomal repair deficits in transdifferentiated neurons of Alzheimer’s disease,2025
T7381,https://www.ncbi.nlm.nih.gov/pmc/articles/PMC10327104/,Multi-omics characterization of partial chemical reprogramming reveals evidence of cell rejuvenation,2023
T6362,https://www.ncbi.nlm.nih.gov/pmc/articles/PMC10461994/,An eQTL-based Approach Reveals Candidate Regulators of LINE-1 RNA Levels in Lymphoblastoid Cells,2023
T0259,https://www.ncbi.nlm.nih.gov/pmc/articles/PMC10491179/,SOD1 is a synthetic lethal target in PPM1D-mutant leukemia cells,2024
T5854,https://www.ncbi.nlm.nih.gov/pmc/articles/PMC10592935/,Inversions Can Accumulate Balanced Sexual Antagonism: Evidence from Simulations and Drosophila Experiments,2025
T6362,https://www.ncbi.nlm.nih.gov/pmc/articles/PMC10636051/,Enduring questions in regenerative biology and the search for answers,2023
T7305,https://www.ncbi.nlm.nih.gov/pmc/articles/PMC10637260/,Cancer-prone Phenotypes and Gene Expression Heterogeneity at Single-cell Resolution in Cigarette-smoking Lungs,2023
T7305,https://www.ncbi.nlm.nih.gov/pmc/articles/PMC10640762/,Mitochondrial dysfunction in Parkinson’s disease – a key disease hallmark with therapeutic potential,2023
T7305,https://www.ncbi.nlm.nih.gov/pmc/articles/PMC10641101/,Transcriptional co-activators: emerging roles in signaling pathways and potential therapeutic targets for diseases,2023
T7305,https://www.ncbi.nlm.nih.gov/pmc/articles/PMC10643419/,Targeting mitochondrial shape: at the heart of cardioprotection,2023
T2849,https://www.ncbi.nlm.nih.gov/pmc/articles/PMC10645585/,The CRTC-1 transcriptional domain is required for COMPASS complex-mediated longevity in C. elegans,2023
T7305,https://www.ncbi.nlm.nih.gov/pmc/articles/PMC10645594/,"Spatial and single-cell profiling of the metabolome, transcriptome and epigenome of the aging mouse liver",2023
T6362,https://www.ncbi.nlm.nih.gov/pmc/articles/PMC10649871/,Tumor cell-induced macrophage senescence plays a pivotal role in tumor initiation followed by stable growth in immunocompetent condition,2023
T7395,https://www.ncbi.nlm.nih.gov/pmc/articles/PMC10652502/,"Diabetic microvascular disease in non-classical beds: the hidden impact beyond the retina, the kidney, and the peripheral nerves",2023
T6362,https://www.ncbi.nlm.nih.gov/pmc/articles/PMC10652587/,Microvesicles-hydrogel breaks the cycle of cellular senescence by improving mitochondrial function to treat osteoarthritis,2023
T2849,https://www.ncbi.nlm.nih.gov/pmc/articles/PMC10654458/,The Role of mRNA Quality Control in the Aging of Caenorhabditis elegans,2023
T7395,https://www.ncbi.nlm.nih.gov/pmc/articles/PMC10655607/,The Role of Traditional Chinese Medicine Natural Products in β-Amyloid Deposition and Tau Protein Hyperphosphorylation in Alzheimer’s Disease,2023
T6362,https://www.ncbi.nlm.nih.gov/pmc/articles/PMC10656444/,GDF11 slows excitatory neuronal senescence and brain ageing by repressing p21,2023
T7395,https://www.ncbi.nlm.nih.gov/pmc/articles/PMC10658171/,Hypoxia-induced signaling in the cardiovascular system: pathogenesis and therapeutic targets,2023
T7305,https://www.ncbi.nlm.nih.gov/pmc/articles/PMC10658738/,Does the ketogenic diet improve neurological disorders by influencing gut microbiota? A systematic review,2023
T6362,https://www.ncbi.nlm.nih.gov/pmc/articles/PMC10659633/,Establishment of a 6-signature risk model associated with cellular senescence for predicting the prognosis of breast cancer,2023
T1455,https://www.ncbi.nlm.nih.gov/pmc/articles/PMC10660189/,Deficit Accumulation Index and Biological Markers of Aging in Survivors of Childhood Cancer,2023
T6362,https://www.ncbi.nlm.nih.gov/pmc/articles/PMC10663940/,Molecular monitoring of lung allograft health: is it ready for routine clinical use?,2023
T6362,https://www.ncbi.nlm.nih.gov/pmc/articles/PMC10663950/,The impact of aging and oxidative stress in metabolic and nervous system disorders: programmed cell death and molecular signal transduction crosstalk,2023
T0259,https://www.ncbi.nlm.nih.gov/pmc/articles/PMC10665130/,Hallmarks of ageing in human skeletal muscle and implications for understanding the pathophysiology of sarcopenia in women and men,2023
T6362,https://www.ncbi.nlm.nih.gov/pmc/articles/PMC10665435/,Mid-old cells are a potential target for anti-aging interventions in the elderly,2023
T7395,https://www.ncbi.nlm.nih.gov/pmc/articles/PMC10665825/,Therapeutic potential for KCC2-targeted neurological diseases,2023
T7395,https://www.ncbi.nlm.nih.gov/pmc/articles/PMC10666387/,A review of nitric oxide and oxidative stress in typical ovulatory women and in the pathogenesis of ovulatory dysfunction in PCOS,2023
T7305,https://www.ncbi.nlm.nih.gov/pmc/articles/PMC10668383/,"Ectopic and visceral fat deposition in aging, obesity, and idiopathic pulmonary fibrosis: an interconnected role",2023
T7008,https://www.ncbi.nlm.nih.gov/pmc/articles/PMC10668855/,"Evolutionary Insights into the Relationship of Frogs, Salamanders, and Caecilians and Their Adaptive Traits, with an Emphasis on Salamander Regeneration and Longevity",2023
T6362,https://www.ncbi.nlm.nih.gov/pmc/articles/PMC10669784/,"The Combination of Radiation with PARP Inhibition Enhances Senescence and Sensitivity to the Senolytic, Navitoclax, in Triple Negative Breast Tumor Cells",2023
T6362,https://www.ncbi.nlm.nih.gov/pmc/articles/PMC10669844/,"Selection of Mexican Medicinal Plants by Identification of Potential Phytochemicals with Anti-Aging, Anti-Inflammatory, and Anti-Oxidant Properties through Network Analysis and Chemoinformatic Screening",2023
T9512,https://www.ncbi.nlm.nih.gov/pmc/articles/PMC10669849/,Antioxidant Properties and Geroprotective Potential of Wheat Bran Extracts with Increased Content of Anthocyanins,2023
T6362,https://www.ncbi.nlm.nih.gov/pmc/articles/PMC10669956/,SIRT1 Prevents R-Loops during Chronological Aging by Modulating DNA Replication at rDNA Loci,2023
T2021,https://www.ncbi.nlm.nih.gov/pmc/articles/PMC10670210/,Age Is Just a Number: Progress and Obstacles in the Discovery of New Candidate Drugs for Sarcopenia,2023
T6362,https://www.ncbi.nlm.nih.gov/pmc/articles/PMC10670297/,Hepatocellular Carcinoma in Non-Fibrotic Liver: A Narrative Review,2023
T6362,https://www.ncbi.nlm.nih.gov/pmc/articles/PMC10670449/,mTOR Inhibitor Rapalink-1 Prevents Ethanol-Induced Senescence in Endothelial Cells,2023
T6362,https://www.ncbi.nlm.nih.gov/pmc/articles/PMC10670650/,Doxorubicin-Induced Cardiac Senescence Is Alleviated Following Treatment with Combined Polyphenols and Micronutrients through Enhancement in Mitophagy,2023
T7305,https://www.ncbi.nlm.nih.gov/pmc/articles/PMC10670892/,Examining the Role of a Functional Deficiency of Iron in Lysosomal Storage Disorders with Translational Relevance to Alzheimer’s Disease,2023
T6362,https://www.ncbi.nlm.nih.gov/pmc/articles/PMC10671276/,C-C Motif Chemokine Ligand 5 (CCL5) Promotes Irradiation-Evoked Osteoclastogenesis,2023
T0259,https://www.ncbi.nlm.nih.gov/pmc/articles/PMC10671449/,Environmental Causes of Idiopathic Pulmonary Fibrosis,2023
T6362,https://www.ncbi.nlm.nih.gov/pmc/articles/PMC10671470/,Ageing-Related Alterations in Renal Epithelial Glucose Transport,2023
T7305,https://www.ncbi.nlm.nih.gov/pmc/articles/PMC10671501/,Topical Cellular/Tissue and Molecular Aspects Regarding Nonpharmacological Interventions in Alzheimer’s Disease—A Systematic Review,2023
T7305,https://www.ncbi.nlm.nih.gov/pmc/articles/PMC10671596/,Is Intrinsic Cardioprotection a Laboratory Phenomenon or a Clinically Relevant Tool to Salvage the Failing Heart?,2023
T2849,https://www.ncbi.nlm.nih.gov/pmc/articles/PMC10671790/,The Role of Sirtuin-1 (SIRT1) in the Physiology and Pathophysiology of the Human Placenta,2023
T6362,https://www.ncbi.nlm.nih.gov/pmc/articles/PMC10671822/,Cellular Senescence: A Troy Horse in Pulmonary Fibrosis,2023
T1455,https://www.ncbi.nlm.nih.gov/pmc/articles/PMC10672103/,Exploring the Role of Biomarkers Associated with Alveolar Damage and Dysfunction in Idiopathic Pulmonary Fibrosis—A Systematic Review,2023
T7305,https://www.ncbi.nlm.nih.gov/pmc/articles/PMC10673256/,"Polyphenols in Inner Ear Neurobiology, Health and Disease: From Bench to Clinics",2023
T7381,https://www.ncbi.nlm.nih.gov/pmc/articles/PMC10673288/,The Longevity Protein Klotho: A Promising Tool to Monitor Lifestyle Improvements,2023
T6362,https://www.ncbi.nlm.nih.gov/pmc/articles/PMC10673502/,The Ethanolic Extract of Lycium ruthenicum Ameliorates Age-Related Physiological Damage in Mice,2023
T2849,https://www.ncbi.nlm.nih.gov/pmc/articles/PMC10673863/,ACS-20/FATP4 mediates the anti-ageing effect of dietary restriction in C. elegans,2023
T6362,https://www.ncbi.nlm.nih.gov/pmc/articles/PMC10674012/,PDK4 rescues high-glucose-induced senescent fibroblasts and promotes diabetic wound healing through enhancing glycolysis and regulating YAP and JNK pathway,2023
T7395,https://www.ncbi.nlm.nih.gov/pmc/articles/PMC10674591/,Research Progress on Natural Plant Molecules in Regulating the Blood–Brain Barrier in Alzheimer’s Disease,2023
T2849,https://www.ncbi.nlm.nih.gov/pmc/articles/PMC10675209/,Effects of Diet Macronutrient Composition on Weight Loss during Caloric Restriction and Subsequent Weight Regain during Refeeding in Aging Mice,2023
T6362,https://www.ncbi.nlm.nih.gov/pmc/articles/PMC10675905/,Colchicine prevents oxidative stress-induced endothelial cell senescence via blocking NF-κB and MAPKs: implications in vascular diseases,2023
T0259,https://www.ncbi.nlm.nih.gov/pmc/articles/PMC10676778/,Different Aspects of Aging in Migraine,2023
T6362,https://www.ncbi.nlm.nih.gov/pmc/articles/PMC10676791/,Endothelial Senescence in Neurological Diseases,2023
T0259,https://www.ncbi.nlm.nih.gov/pmc/articles/PMC10676801/,Hallmarks of Skin Aging: Update,2023
T6362,https://www.ncbi.nlm.nih.gov/pmc/articles/PMC10680220/,EZH2-H3K27me3-mediated silencing of mir-139-5p inhibits cellular senescence in hepatocellular carcinoma by activating TOP2A,2023
T7305,https://www.ncbi.nlm.nih.gov/pmc/articles/PMC10680465/,The Role and Mechanism of Metformin in Inflammatory Diseases,2023
T7305,https://www.ncbi.nlm.nih.gov/pmc/articles/PMC10680866/,Comprehensive Overview of Bottom-Up Proteomics using Mass Spectrometry,2023
T9826,https://www.ncbi.nlm.nih.gov/pmc/articles/PMC10681516/,Immunosenescence and cancer: Opportunities and challenges,2023
T2849,https://www.ncbi.nlm.nih.gov/pmc/articles/PMC10682402/,Sis2 regulates yeast replicative lifespan in a dose-dependent manner,2023
T6362,https://www.ncbi.nlm.nih.gov/pmc/articles/PMC10682449/,Local H2 release remodels senescence microenvironment for improved repair of injured bone,2023
T7305,https://www.ncbi.nlm.nih.gov/pmc/articles/PMC10682735/,Endothelial activation and damage as a common pathological substrate in different pathologies and cell therapy complications,2023
T1455,https://www.ncbi.nlm.nih.gov/pmc/articles/PMC10683363/,Exploring the promising potential of induced pluripotent stem cells in cancer research and therapy,2023
T2849,https://www.ncbi.nlm.nih.gov/pmc/articles/PMC10683599/,"1,5-anhydro-D-fructose induces anti-aging effects on aging-associated brain diseases by increasing 5’-adenosine monophosphate-activated protein kinase activity via the peroxisome proliferator-activated receptor-γ co-activator-1α/brain-derived neurotrophic factor pathway",2023
T7305,https://www.ncbi.nlm.nih.gov/pmc/articles/PMC10683603/,D-galactose causes sinoatrial node dysfunction: from phenotype to mechanism,2023
T6362,https://www.ncbi.nlm.nih.gov/pmc/articles/PMC10683609/,Antibiotics that target mitochondria extend lifespan in C. elegans,2023
T7381,https://www.ncbi.nlm.nih.gov/pmc/articles/PMC10684707/,Advancing nutrition science to meet evolving global health needs,2023
T0259,https://www.ncbi.nlm.nih.gov/pmc/articles/PMC10685564/,Epigenetic age acceleration in surviving versus deceased COVID-19 patients with acute respiratory distress syndrome following hospitalization,2023
T7305,https://www.ncbi.nlm.nih.gov/pmc/articles/PMC10685569/,IGF2 deficiency promotes liver aging through mitochondrial dysfunction and upregulated CEBPB signaling in d-galactose-induced aging mice,2023
T6362,https://www.ncbi.nlm.nih.gov/pmc/articles/PMC10687268/,An untapped window of opportunity for glioma: targeting therapy-induced senescence prior to recurrence,2023
T7305,https://www.ncbi.nlm.nih.gov/pmc/articles/PMC10687558/,Signaling pathways in hair aging,2023
T7305,https://www.ncbi.nlm.nih.gov/pmc/articles/PMC10687683/,A Mobile Intervention Designed Specifically for Older Adults With Frailty to Support Healthy Eating: Pilot Randomized Controlled Trial,2023
T7305,https://www.ncbi.nlm.nih.gov/pmc/articles/PMC10687886/,"Potential use of iPSCs for disease modeling, drug screening, and cell-based therapy for Alzheimer’s disease",2023
T6362,https://www.ncbi.nlm.nih.gov/pmc/articles/PMC10690130/,Communications to the International Sarcopenia Translational Research Conference 2023,2023
T9826,https://www.ncbi.nlm.nih.gov/pmc/articles/PMC10690830/,Beyond MACE: a multidimensional approach to outcomes in clinical trials for older adults with stable ischemic heart disease,2023
T1455,https://www.ncbi.nlm.nih.gov/pmc/articles/PMC10692171/,"HALD, a human aging and longevity knowledge graph for precision gerontology and geroscience analyses",2023
T7305,https://www.ncbi.nlm.nih.gov/pmc/articles/PMC10693113/,Impact of NAD+ metabolism on ovarian aging,2023
T1455,https://www.ncbi.nlm.nih.gov/pmc/articles/PMC10693346/,Mitochondrial dynamics and metabolism across skin cells: implications for skin homeostasis and aging,2023
T9512,https://www.ncbi.nlm.nih.gov/pmc/articles/PMC10693428/,"Polyherbal formulation PL02 alleviates pain, inflammation, and subchondral bone deterioration in an osteoarthritis rodent model",2023
T7395,https://www.ncbi.nlm.nih.gov/pmc/articles/PMC10694995/,Polyamines: their significance for maintaining health and contributing to diseases,2023
T1455,https://www.ncbi.nlm.nih.gov/pmc/articles/PMC10695113/,"Under pressure—exploring partner changes, physiological responses and telomere dynamics in northern gannets across varying breeding conditions",2023
T0259,https://www.ncbi.nlm.nih.gov/pmc/articles/PMC10695442/,Brain-derived neurotrophic factor interplay with oxidative stress: neuropathology approach in potential biomarker of Alzheimer’s disease,2023
T7395,https://www.ncbi.nlm.nih.gov/pmc/articles/PMC10695595/,Copper neurotoxicity: Induction of cognitive dysfunction: A review,2023
T2849,https://www.ncbi.nlm.nih.gov/pmc/articles/PMC10698029/,Early-adult methionine restriction reduces methionine sulfoxide and extends lifespan in Drosophila,2023
T6362,https://www.ncbi.nlm.nih.gov/pmc/articles/PMC10699009/,Single-cell transcriptomic atlas of goat ovarian aging,2023
T7395,https://www.ncbi.nlm.nih.gov/pmc/articles/PMC10699018/,Effects of foot and ankle mobilisations combined with home stretches in people with diabetic peripheral neuropathy: a proof-of-concept RCT,2023
T6362,https://www.ncbi.nlm.nih.gov/pmc/articles/PMC10699081/,Endothelial progenitor cells systemic administration alleviates multi-organ senescence by down-regulating USP7/p300 pathway in chronic obstructive pulmonary disease,2023
T7305,https://www.ncbi.nlm.nih.gov/pmc/articles/PMC10701459/,Oxidative stress in the eye and its role in the pathophysiology of ocular diseases,2023
T0259,https://www.ncbi.nlm.nih.gov/pmc/articles/PMC10702061/,Dolutegravir-induced growth and lifespan effects in Caenorhabditis elegans,2023
T6362,https://www.ncbi.nlm.nih.gov/pmc/articles/PMC10702235/,Cellular senescence in brain aging and cognitive decline,2023
T1455,https://www.ncbi.nlm.nih.gov/pmc/articles/PMC10702973/,Metabolic and senescence characteristics associated with the immune microenvironment in ovarian cancer,2023
T7305,https://www.ncbi.nlm.nih.gov/pmc/articles/PMC10703638/,Traditional Chinese medicine for the prevention and treatment of presbycusis,2023
T6362,https://www.ncbi.nlm.nih.gov/pmc/articles/PMC10703872/,Nectin-4 regulates cellular senescence-associated enlargement of cell size,2023
T7305,https://www.ncbi.nlm.nih.gov/pmc/articles/PMC10705131/,Efficacy of Medical Ozone as an Adjuvant Treatment in Dogs with Intervertebral Disc Protusions—A Retrospective Study,2023
T6362,https://www.ncbi.nlm.nih.gov/pmc/articles/PMC10705308/,Metabolic Profiles of Cancer Stem Cells and Normal Stem Cells and Their Therapeutic Significance,2023
T7305,https://www.ncbi.nlm.nih.gov/pmc/articles/PMC10705408/,Modeling aging and retinal degeneration with mitochondrial DNA mutation burden,2023
T6362,https://www.ncbi.nlm.nih.gov/pmc/articles/PMC10705430/,Engineered Bacillus subtilis as oral probiotics to enhance clearance of blood lactate,2024
T9826,https://www.ncbi.nlm.nih.gov/pmc/articles/PMC10705877/,"Impact of NLRP3 Depletion on Aging-Related Metaflammation, Cognitive Function, and Social Behavior in Mice",2023
T6362,https://www.ncbi.nlm.nih.gov/pmc/articles/PMC10705954/,The Potential of Mesenchymal Stem/Stromal Cell Therapy in Mustard Keratopathy: Discovering New Roads to Combat Cellular Senescence,2023
T1455,https://www.ncbi.nlm.nih.gov/pmc/articles/PMC10705974/,“Small Hepatocytes” in the Liver,2023
T6362,https://www.ncbi.nlm.nih.gov/pmc/articles/PMC10705990/,PML Body Biogenesis: A Delicate Balance of Interactions,2023
T0259,https://www.ncbi.nlm.nih.gov/pmc/articles/PMC10706096/,Autophagy and Senescence: The Molecular Mechanisms and Implications in Liver Diseases,2023
T7305,https://www.ncbi.nlm.nih.gov/pmc/articles/PMC10706187/,"Skin Barrier Function: The Interplay of Physical, Chemical, and Immunologic Properties",2023
T7305,https://www.ncbi.nlm.nih.gov/pmc/articles/PMC10706630/,Mechanisms of Cadmium Neurotoxicity,2023
T2021,https://www.ncbi.nlm.nih.gov/pmc/articles/PMC10706801/,Exploring In Vivo Models of Musculoskeletal Frailty: A Comprehensive Systematic Review,2023
T6362,https://www.ncbi.nlm.nih.gov/pmc/articles/PMC10706910/,"Calcium’s Role and Signaling in Aging Muscle, Cellular Senescence, and Mineral Interactions",2023
T7381,https://www.ncbi.nlm.nih.gov/pmc/articles/PMC10707056/,Decelerated Epigenetic Aging in Long Livers,2023
T6362,https://www.ncbi.nlm.nih.gov/pmc/articles/PMC10707287/,Molecular Mechanisms Associated with Aging Kidneys and Future Perspectives,2023
T7395,https://www.ncbi.nlm.nih.gov/pmc/articles/PMC10707303/,Pathomechanisms of Diabetic Kidney Disease,2023
T7305,https://www.ncbi.nlm.nih.gov/pmc/articles/PMC10707505/,"Zebrafish as an Emerging Model for Sarcopenia: Considerations, Current Insights, and Future Directions",2023
T7305,https://www.ncbi.nlm.nih.gov/pmc/articles/PMC10707997/,The Ketogenic Diet in the Prevention of Migraines in the Elderly,2023
T7395,https://www.ncbi.nlm.nih.gov/pmc/articles/PMC10708161/,Different Effects of High-Fat/High-Sucrose and High-Fructose Diets on Advanced Glycation End-Product Accumulation and on Mitochondrial Involvement in Heart and Skeletal Muscle in Mice,2023
T5854,https://www.ncbi.nlm.nih.gov/pmc/articles/PMC10708185/,Evidence for the role of selection for reproductively advantageous alleles in human aging,2023
T2849,https://www.ncbi.nlm.nih.gov/pmc/articles/PMC10708263/,Exercise and Caloric Restriction Exert Different Benefits on Skeletal Muscle Metabolism in Aging Condition,2023
T7305,https://www.ncbi.nlm.nih.gov/pmc/articles/PMC10708480/,The IRONy in Athletic Performance,2023
T2849,https://www.ncbi.nlm.nih.gov/pmc/articles/PMC10708505/,The Beneficial Effects of Dietary Interventions on Gut Microbiota—An Up-to-Date Critical Review and Future Perspectives,2023
T7305,https://www.ncbi.nlm.nih.gov/pmc/articles/PMC10708518/,NanoBubble-Mediated Oxygenation: Elucidating the Underlying Molecular Mechanisms in Hypoxia and Mitochondrial-Related Pathologies,2023
T7305,https://www.ncbi.nlm.nih.gov/pmc/articles/PMC10709416/,A naturally occurring polyacetylene isolated from carrots promotes health and delays signatures of aging,2023
T7395,https://www.ncbi.nlm.nih.gov/pmc/articles/PMC10709625/,Downregulation of mitochondrial metabolism is a driver for fast skeletal muscle loss during mouse aging,2023
T2849,https://www.ncbi.nlm.nih.gov/pmc/articles/PMC10709984/,Geroprotector drugs and exercise: friends or foes on healthy longevity?,2023
T6362,https://www.ncbi.nlm.nih.gov/pmc/articles/PMC10710422/,Senescence-associated 13-HODE production promotes age-related liver steatosis by directly inhibiting catalase activity,2023
T2620,https://www.ncbi.nlm.nih.gov/pmc/articles/PMC10711841/,Why osteoarthritis of the knee is called “a wound that does not heal” and why Tai Chi is an effective treatment,2023
T7305,https://www.ncbi.nlm.nih.gov/pmc/articles/PMC10712426/,Association of Air Pollution with a Urinary Biomarker of Biological Aging and Effect Modification by Vitamin K in the FLEMENGHO Prospective Population Study,2023
T7305,https://www.ncbi.nlm.nih.gov/pmc/articles/PMC10713167/,"Visualization analysis of exercise intervention on Alzheimer disease based on bibliometrics: Trends, hotspots and topics",2023
T0259,https://www.ncbi.nlm.nih.gov/pmc/articles/PMC10713413/,"Chronological aging impacts abundance, function and microRNA content of extracellular vesicles produced by human epidermal keratinocytes",2023
T6362,https://www.ncbi.nlm.nih.gov/pmc/articles/PMC10713431/,Nectandrin B significantly increases the lifespan of Drosophila - Nectandrin B for longevity,2023
T7305,https://www.ncbi.nlm.nih.gov/pmc/articles/PMC10714976/,The Potential of Natural Compounds Regulating Autophagy in the Treatment of Osteoporosis,2023
T7395,https://www.ncbi.nlm.nih.gov/pmc/articles/PMC10715313/,Advantages of omics approaches for elucidating metabolic changes in diabetic peripheral neuropathy,2023
T7395,https://www.ncbi.nlm.nih.gov/pmc/articles/PMC10715672/,Vascular aging and cardiovascular disease: pathophysiology and measurement in the coronary arteries,2023
T7305,https://www.ncbi.nlm.nih.gov/pmc/articles/PMC10716964/,Nano biomaterials based strategies for enhanced brain targeting in the treatment of neurodegenerative diseases: an up-to-date perspective,2023
T7395,https://www.ncbi.nlm.nih.gov/pmc/articles/PMC10717903/,The stromal microenvironment and ovarian aging: mechanisms and therapeutic opportunities,2023
T6362,https://www.ncbi.nlm.nih.gov/pmc/articles/PMC10719307/,Network dynamical stability analysis reveals key “mallostatic” natural variables that erode homeostasis and drive age-related decline of health,2023
T7381,https://www.ncbi.nlm.nih.gov/pmc/articles/PMC10719446/,"Defusing the legal and ethical minefield of epigenetic applications in the military, defense, and security context",2023
T7395,https://www.ncbi.nlm.nih.gov/pmc/articles/PMC10719858/,Global research trends and hot spots on autophagy and kidney diseases: a bibliometric analysis from 2000 to 2022,2023
T7305,https://www.ncbi.nlm.nih.gov/pmc/articles/PMC10721326/,Mitochondria-sequestered Aβ renders synaptic mitochondria vulnerable in the elderly with a risk of Alzheimer disease,2023
T2849,https://www.ncbi.nlm.nih.gov/pmc/articles/PMC10721613/,On the benefits of the tryptophan metabolite 3-hydroxyanthranilic acid in Caenorhabditis elegans and mouse aging,2023
T7305,https://www.ncbi.nlm.nih.gov/pmc/articles/PMC10722203/,Comprehensive review on gene mutations contributing to dilated cardiomyopathy,2023
T6362,https://www.ncbi.nlm.nih.gov/pmc/articles/PMC10722476/,"Chronic stress-induced anxiety-like behavior, hippocampal oxidative, and endoplasmic reticulum stress are reversed by young plasma transfusion in aged adult rats",2024
T2021,https://www.ncbi.nlm.nih.gov/pmc/articles/PMC10722742/,Parkinson’s disease and gut microbiota: from clinical to mechanistic and therapeutic studies,2023
T7305,https://www.ncbi.nlm.nih.gov/pmc/articles/PMC10722804/,Pathophysiology of ion channels in amyotrophic lateral sclerosis,2023
T7305,https://www.ncbi.nlm.nih.gov/pmc/articles/PMC10722970/,Gut dysbiosis: Ecological causes and causative effects on human disease,2023
T1455,https://www.ncbi.nlm.nih.gov/pmc/articles/PMC10722989/,Exploring the anti-aging effects of fisetin in telomerase-deficient progeria mouse model,2023
T7381,https://www.ncbi.nlm.nih.gov/pmc/articles/PMC10723383/,Somatic mutation as an explanation for epigenetic aging,2023
T7381,https://www.ncbi.nlm.nih.gov/pmc/articles/PMC10723416/,Retroelement-Age Clocks: Epigenetic Age Captured by Human Endogenous Retrovirus and LINE-1 DNA methylation states,2023
T9512,https://www.ncbi.nlm.nih.gov/pmc/articles/PMC10723445/,The role of mitochondria in sex- and age-specific gene expression in a species without sex chromosomes,2023
T2849,https://www.ncbi.nlm.nih.gov/pmc/articles/PMC10724066/,Refeeding-associated AMPKγ1 complex activity is a hallmark of health and longevity,2023
T6362,https://www.ncbi.nlm.nih.gov/pmc/articles/PMC10724067/,Senolytic therapy alleviates physiological human brain aging and COVID-19 neuropathology,2023
T2021,https://www.ncbi.nlm.nih.gov/pmc/articles/PMC10724948/,Study protocol on effectiveness of yoga practice on composite biomarker age predictors (yBioAge) in an elderly Indian cohort- two-armed open label randomized controlled trial,2023
T6362,https://www.ncbi.nlm.nih.gov/pmc/articles/PMC10725898/,Targeting the RAS/RAF/MAPK pathway for cancer therapy: from mechanism to clinical studies,2023
T0259,https://www.ncbi.nlm.nih.gov/pmc/articles/PMC10726039/,"Polyadenosine diphosphate-ribose polymerase inhibitors: advances, implications, and challenges in tumor radiotherapy sensitization",2023
T7395,https://www.ncbi.nlm.nih.gov/pmc/articles/PMC10726137/,Corn silk polysaccharides attenuate diabetic nephropathy through restoration of the gut microbial ecosystem and metabolic homeostasis,2023
T0259,https://www.ncbi.nlm.nih.gov/pmc/articles/PMC10726551/,"Phase separations in oncogenesis, tumor progressions and metastasis: a glance from hallmarks of cancer",2023
T6362,https://www.ncbi.nlm.nih.gov/pmc/articles/PMC10726594/,Role of mitochondrial fusion proteins MFN2 and OPA1 on lung cellular senescence in chronic obstructive pulmonary disease,2023
T1455,https://www.ncbi.nlm.nih.gov/pmc/articles/PMC10726799/,Age‐dependent changes in the gut microbiota and serum metabolome correlate with renal function and human aging,2023
T7305,https://www.ncbi.nlm.nih.gov/pmc/articles/PMC10726809/, 3D reconstruction of murine mitochondria reveals changes in structure during aging linked to the MICOS complex,2023
T2021,https://www.ncbi.nlm.nih.gov/pmc/articles/PMC10726819/,Depletion of preexisting B‐cell lymphoma 2‐expressing senescent cells before vaccination impacts antigen‐specific antitumor immune responses in old mice,2023
T6362,https://www.ncbi.nlm.nih.gov/pmc/articles/PMC10726832/, LEF1 isoforms regulate cellular senescence and aging,2023
T7395,https://www.ncbi.nlm.nih.gov/pmc/articles/PMC10726899/,Targeting the redox system for cardiovascular regeneration in aging,2023
T6362,https://www.ncbi.nlm.nih.gov/pmc/articles/PMC10726910/, SIRT2 transgenic over‐expression does not impact lifespan in mice,2023
T6362,https://www.ncbi.nlm.nih.gov/pmc/articles/PMC10728150/,Functional-metabolic coupling in distinct renal cell types coordinates organ-wide physiology and delays premature ageing,2023
T7305,https://www.ncbi.nlm.nih.gov/pmc/articles/PMC10730108/,Basic Mechanisms of Immunometabolites in Shaping the Immune Response,2023
T6362,https://www.ncbi.nlm.nih.gov/pmc/articles/PMC10730163/,"Understanding cellular senescence: pathways involved, therapeutics and longevity aiding",2023
T6362,https://www.ncbi.nlm.nih.gov/pmc/articles/PMC10730348/,Implications of cellular senescence in paediatric pituitary tumours,2023
T7305,https://www.ncbi.nlm.nih.gov/pmc/articles/PMC10730937/,"Alzheimer’s disease: the role of extrinsic factors in its development, an investigation of the environmental enigma",2023
T0259,https://www.ncbi.nlm.nih.gov/pmc/articles/PMC10732214/,Integrated approach to reducing polypharmacy in older people: exploring the role of oxidative stress and antioxidant potential therapy,2023
T7305,https://www.ncbi.nlm.nih.gov/pmc/articles/PMC10733517/,Biomarkers associated with the pathogenesis of Alzheimer’s disease,2023
T2849,https://www.ncbi.nlm.nih.gov/pmc/articles/PMC10735022/,Dhr96[1] mutation and maternal tudor[1] mutation increase life span and reduce the beneficial effects of mifepristone in mated female Drosophila,2023
T7395,https://www.ncbi.nlm.nih.gov/pmc/articles/PMC10735085/,"Prediction of network pharmacology, molecular docking-based strategy, and vitro assays to determine potential pharmacological mechanism of Dioscoreae bulbiferae and Bruceae fructus against laryngocarcinoma",2023
T7305,https://www.ncbi.nlm.nih.gov/pmc/articles/PMC10735142/,An aging-related gene signature to predict the prognosis of hepatocellular carcinoma,2023
T9512,https://www.ncbi.nlm.nih.gov/pmc/articles/PMC10738848/,LIVING LONGER WITH MODERATE AMOUNTS OF OXYGEN RADICALS IN FRUIT FLIES,2023
T6362,https://www.ncbi.nlm.nih.gov/pmc/articles/PMC10739085/,Cellular senescence and kidney aging,2023
T6362,https://www.ncbi.nlm.nih.gov/pmc/articles/PMC10739765/,WWP1 E3 ligase at the crossroads of health and disease,2023
T0259,https://www.ncbi.nlm.nih.gov/pmc/articles/PMC10739845/,Unraveling the causal genes and transcriptomic determinants of human telomere length,2023
T7305,https://www.ncbi.nlm.nih.gov/pmc/articles/PMC10740440/,Oxidative Stress Induced by Lipotoxicity and Renal Hypoxia in Diabetic Kidney Disease and Possible Therapeutic Interventions: Targeting the Lipid Metabolism and Hypoxia,2023
T7395,https://www.ncbi.nlm.nih.gov/pmc/articles/PMC10740609/,Food Polyphenols as Preventive Medicine,2023
T1455,https://www.ncbi.nlm.nih.gov/pmc/articles/PMC10740737/,Inflammation in Prostate Cancer: Exploring the Promising Role of Phenolic Compounds as an Innovative Therapeutic Approach,2023
T0259,https://www.ncbi.nlm.nih.gov/pmc/articles/PMC10740764/,Diet and Aging: The Role of Polyphenol-Rich Diets in Slow Down the Shortening of Telomeres: A Review,2023
T7395,https://www.ncbi.nlm.nih.gov/pmc/articles/PMC10740837/,Metabolic Syndrome: A Narrative Review from the Oxidative Stress to the Management of Related Diseases,2023
T7395,https://www.ncbi.nlm.nih.gov/pmc/articles/PMC10740933/,"Lipofuscin, Its Origin, Properties, and Contribution to Retinal Fluorescence as a Potential Biomarker of Oxidative Damage to the Retina",2023
T9512,https://www.ncbi.nlm.nih.gov/pmc/articles/PMC10741041/,Extracts and Scirpusin B from Recycled Seeds and Rinds of Passion Fruits (Passiflora edulis var. Tainung No. 1) Exhibit Improved Functions in Scopolamine-Induced Impaired-Memory ICR Mice,2023
T0259,https://www.ncbi.nlm.nih.gov/pmc/articles/PMC10741414/,Engagement of Mesenchymal Stromal Cells in the Remodeling of the Bone Marrow Microenvironment in Hematological Cancers,2023
T7305,https://www.ncbi.nlm.nih.gov/pmc/articles/PMC10741491/,From Chronodisruption to Sarcopenia: The Therapeutic Potential of Melatonin,2023
T2620,https://www.ncbi.nlm.nih.gov/pmc/articles/PMC10741501/,Inflammatory Pathways in Overweight and Obese Persons as a Potential Mechanism for Cognitive Impairment and Earlier Onset Alzeihmer’s Dementia in the General Population: A Narrative Review,2023
T6362,https://www.ncbi.nlm.nih.gov/pmc/articles/PMC10741531/,"Non-Intrinsic, Systemic Mechanisms of Cellular Senescence",2023
T1455,https://www.ncbi.nlm.nih.gov/pmc/articles/PMC10741607/,Environmental and Genetic Traffic in the Journey from Sperm to Offspring,2023
T7305,https://www.ncbi.nlm.nih.gov/pmc/articles/PMC10741614/,Levels of Cell-Free DNA in Kidney Failure Patients before and after Renal Transplantation,2023
T7305,https://www.ncbi.nlm.nih.gov/pmc/articles/PMC10741690/,Mitochondrial Quality Control via Mitochondrial Unfolded Protein Response (mtUPR) in Ageing and Neurodegenerative Diseases,2023
T6362,https://www.ncbi.nlm.nih.gov/pmc/articles/PMC10742050/,Microglial Senescence and Activation in Healthy Aging and Alzheimer’s Disease: Systematic Review and Neuropathological Scoring,2023
T6362,https://www.ncbi.nlm.nih.gov/pmc/articles/PMC10742095/,Lipophilic Statins Eliminate Senescent Endothelial Cells by inducing Anoikis-Related Cell Death,2023
T7395,https://www.ncbi.nlm.nih.gov/pmc/articles/PMC10742130/,Beyond the Basics: Unraveling the Complexity of Coronary Artery Calcification,2023
T6362,https://www.ncbi.nlm.nih.gov/pmc/articles/PMC10742131/,Age-Related Alternative Splicing: Driver or Passenger in the Aging Process?,2023
T9512,https://www.ncbi.nlm.nih.gov/pmc/articles/PMC10742414/,Agrocybe aegerita Polysaccharide Combined with Bifidobacterium lactis Bb-12 Attenuates Aging-Related Oxidative Stress and Restores Gut Microbiota,2023
T1455,https://www.ncbi.nlm.nih.gov/pmc/articles/PMC10742804/,Comparative Application of Terminal Restriction Fragment Analysis Tools to Large-Scale Genomic Assays,2023
T6362,https://www.ncbi.nlm.nih.gov/pmc/articles/PMC10742877/,Out of the Silence: Insights into How Genes Escape X-Chromosome Inactivation,2023
T6362,https://www.ncbi.nlm.nih.gov/pmc/articles/PMC10743085/,Epigenetic Mechanisms in Hematologic Aging and Premalignant Conditions,2023
T6362,https://www.ncbi.nlm.nih.gov/pmc/articles/PMC10743093/,Cells in Atherosclerosis: Focus on Cellular Senescence from Basic Science to Clinical Practice,2023
T7381,https://www.ncbi.nlm.nih.gov/pmc/articles/PMC10743303/,A DNA Methylation Perspective on Infertility,2023
T6362,https://www.ncbi.nlm.nih.gov/pmc/articles/PMC10743681/,Integrated Stress Response (ISR) Pathway: Unraveling Its Role in Cellular Senescence,2023
T0259,https://www.ncbi.nlm.nih.gov/pmc/articles/PMC10743742/,Minding the Gap: Exploring Neuroinflammatory and Microglial Sex Differences in Alzheimer’s Disease,2023
T1455,https://www.ncbi.nlm.nih.gov/pmc/articles/PMC10743752/,Biological Age in Congenital Heart Disease—Exploring the Ticking Clock,2023
T6362,https://www.ncbi.nlm.nih.gov/pmc/articles/PMC10744048/,Opportunities in Cancer Therapies: Deciphering the Role of Cancer Stem Cells in Tumour Repopulation,2023
T6362,https://www.ncbi.nlm.nih.gov/pmc/articles/PMC10744063/,Bioactive Compounds for Combating Oxidative Stress in Dermatology,2023
T7305,https://www.ncbi.nlm.nih.gov/pmc/articles/PMC10744314/,"Next Generation Therapeutic Strategy for Treatment and Prevention of Alzheimer’s Disease and Aging-Associated Cognitive Decline: Transient, Once-in-a-Lifetime-Only Depletion of Intraneuronal Aβ (iAβ) by Its Targeted Degradation via Augmentation of Intra-iAβ-Cleaving Activities of BACE1 and/or BACE2",2023
T7305,https://www.ncbi.nlm.nih.gov/pmc/articles/PMC10744714/,Key Therapeutic Targets to Treat Hyperglycemia-Induced Atherosclerosis Analyzed Using a Petri Net-Based Model,2023
T7305,https://www.ncbi.nlm.nih.gov/pmc/articles/PMC10744751/,Metabolomics: An Emerging “Omics” Platform for Systems Biology and Its Implications for Huntington Disease Research,2023
T7395,https://www.ncbi.nlm.nih.gov/pmc/articles/PMC10744850/,Oleic Acid Metabolism in Response to Glucose in C. elegans,2023
T9512,https://www.ncbi.nlm.nih.gov/pmc/articles/PMC10745362/,Mediterranean Shrub Species as a Source of Biomolecules against Neurodegenerative Diseases,2023
T2849,https://www.ncbi.nlm.nih.gov/pmc/articles/PMC10745452/,Modulation of MicroRNAs and Exosomal MicroRNAs after Dietary Interventions for Obesity and Insulin Resistance: A Narrative Review,2023
T7305,https://www.ncbi.nlm.nih.gov/pmc/articles/PMC10745682/,Endoplasmic Reticulum Stress and Its Impact on Adipogenesis: Molecular Mechanisms Implicated,2023
T2021,https://www.ncbi.nlm.nih.gov/pmc/articles/PMC10745813/,The Integral Role of Magnesium in Muscle Integrity and Aging: A Comprehensive Review,2023
T7305,https://www.ncbi.nlm.nih.gov/pmc/articles/PMC10746532/,How did antibiotic growth promoters increase growth and feed efficiency in poultry?,2023
T6362,https://www.ncbi.nlm.nih.gov/pmc/articles/PMC10746562/,ALS-linked SOD1 mutations impair mitochondrial-derived vesicle formation and accelerate aging,2023
T0259,https://www.ncbi.nlm.nih.gov/pmc/articles/PMC10747020/,Metabolite Profiling of Allium hookeri Leaves Using UHPLC-qTOF-MS/MS and the Senomorphic Activity of Phenolamides,2023
T7305,https://www.ncbi.nlm.nih.gov/pmc/articles/PMC10747151/,Research Progress of Metal Anticancer Drugs,2023
T7305,https://www.ncbi.nlm.nih.gov/pmc/articles/PMC10747352/,Impact of Combination Antiretroviral Treatment on Liver Metabolic Health in HIV-Infected Persons,2023
T2620,https://www.ncbi.nlm.nih.gov/pmc/articles/PMC10747566/,Infrastructure in the Age of Pandemics: Utilizing Polypropylene-Based Mask Waste for Durable and Sustainable Road Pavements,2023
T7305,https://www.ncbi.nlm.nih.gov/pmc/articles/PMC10748332/,Metformin: The Winding Path from Understanding Its Molecular Mechanisms to Proving Therapeutic Benefits in Neurodegenerative Disorders,2023
T6362,https://www.ncbi.nlm.nih.gov/pmc/articles/PMC10749662/,Winds of change a tale of: asthma and microbiome,2023
T9512,https://www.ncbi.nlm.nih.gov/pmc/articles/PMC10749940/,Chronological age enhances aging phenomena and protein nitration in oocyte,2023
T7395,https://www.ncbi.nlm.nih.gov/pmc/articles/PMC10750198/,Red blood cells in biology and translational medicine: natural vehicle inspires new biomedical applications,2024
T6362,https://www.ncbi.nlm.nih.gov/pmc/articles/PMC10750291/,The biological mechanism and emerging therapeutic interventions of liver aging,2024
T7305,https://www.ncbi.nlm.nih.gov/pmc/articles/PMC10751620/,Impact of Nutritional Interventions on Alzheimer’s Disease: A Systematic Review and Meta-Analysis,2023
T2849,https://www.ncbi.nlm.nih.gov/pmc/articles/PMC10751671/,Impact of Physical Exercise on Melanoma Hallmarks: Current Status of Preclinical and Clinical Research,2024
T1455,https://www.ncbi.nlm.nih.gov/pmc/articles/PMC10752906/,Fucoxanthin diminishes oxidative stress damage in human placenta-derived mesenchymal stem cells through the PI3K/Akt/Nrf-2 pathway,2023
T2021,https://www.ncbi.nlm.nih.gov/pmc/articles/PMC10754292/,Understanding interleukin 11 as a disease gene and therapeutic target,2023
T7395,https://www.ncbi.nlm.nih.gov/pmc/articles/PMC10755870/,"Physical activity has a stronger correlation with arterial stiffness than strength, balance, or BMI in an older population",2023
T6362,https://www.ncbi.nlm.nih.gov/pmc/articles/PMC10756098/,Uncovering a unique pathogenic mechanism of SARS-CoV-2 omicron variant: selective induction of cellular senescence,2023
T6362,https://www.ncbi.nlm.nih.gov/pmc/articles/PMC10756111/,Traditional herbs: mechanisms to combat cellular senescence,2023
T6362,https://www.ncbi.nlm.nih.gov/pmc/articles/PMC10756914/,Spheroid size influences cellular senescence and angiogenic potential of mesenchymal stromal cell-derived soluble factors and extracellular vesicles,2023
T6362,https://www.ncbi.nlm.nih.gov/pmc/articles/PMC10757974/,Editorial: Cellular senescence in diabetes: from markers to mechanisms and therapies,2023
T6362,https://www.ncbi.nlm.nih.gov/pmc/articles/PMC10758090/,Selective Autophagy Receptor NBR1 Retards Nucleus Pulposus Cell Senescence by Directing the Clearance of SRBD1,2024
T7305,https://www.ncbi.nlm.nih.gov/pmc/articles/PMC10758101/,Molecular Modulators and Receptors of Selective Autophagy: Disease Implication and Identification Strategies,2024
T9512,https://www.ncbi.nlm.nih.gov/pmc/articles/PMC10758147/,N-cadherin Alleviates Apoptosis and Senescence of Nucleus Pulposus Cells via Suppressing ROS-dependent ERS in the Hyper-osmolarity Microenvironment,2024
T7305,https://www.ncbi.nlm.nih.gov/pmc/articles/PMC10758887/,Current biomarkers and treatment strategies in Alzheimer disease: An overview and future perspectives,2023
T7305,https://www.ncbi.nlm.nih.gov/pmc/articles/PMC10759313/,Blockade of interleukin-6 trans-signaling prevents mitochondrial dysfunction and cellular senescence in retinal endothelial cells,2023
T1455,https://www.ncbi.nlm.nih.gov/pmc/articles/PMC10759364/,Correlation between telomere shortening in maternal peripheral blood and fetal aneuploidy,2024
T7305,https://www.ncbi.nlm.nih.gov/pmc/articles/PMC10759424/,The Role of AMPK Signaling in Ulcerative Colitis,2023
T6362,https://www.ncbi.nlm.nih.gov/pmc/articles/PMC10760394/,Analysis of global research hotspots and trends in immune cells in intervertebral disc degeneration: A bibliometric study,2023
T2021,https://www.ncbi.nlm.nih.gov/pmc/articles/PMC10761431/,Inflammation as common link to progressive neurological diseases,2023
T7305,https://www.ncbi.nlm.nih.gov/pmc/articles/PMC10761490/,A systematic review for the development of Alzheimer’s disease in in vitro models: a focus on different inducing agents,2023
T9826,https://www.ncbi.nlm.nih.gov/pmc/articles/PMC10762442/,"Mosquito ageing modulates the development, virulence and transmission potential of pathogens",2024
T0259,https://www.ncbi.nlm.nih.gov/pmc/articles/PMC10762595/,Decreased hepatic thyroid hormone signaling in systemic and liver-specific but not brain-specific accelerated aging due to DNA repair deficiency in mice,2023
T0259,https://www.ncbi.nlm.nih.gov/pmc/articles/PMC10763334/,"Extracellular vesicle-derived TP53BP1, CD34, and PBX1 from human peripheral blood serve as potential biomarkers for the assessment and prediction of vascular aging",2024
T2849,https://www.ncbi.nlm.nih.gov/pmc/articles/PMC10763969/,Neurofibromin 1 mediates sleep depth in Drosophila,2023
T7395,https://www.ncbi.nlm.nih.gov/pmc/articles/PMC10764195/,Neutrophil extracellular traps regulating tumorimmunity in hepatocellular carcinoma,2023
T6362,https://www.ncbi.nlm.nih.gov/pmc/articles/PMC10766604/,Multiple ageing effects on testicular/epididymal germ cells lead to decreased male fertility in mice,2024
T7395,https://www.ncbi.nlm.nih.gov/pmc/articles/PMC10766642/,Longevity interventions modulate mechanotransduction and extracellular matrix homeostasis in C. elegans,2024
T2021,https://www.ncbi.nlm.nih.gov/pmc/articles/PMC10767199/,The mediating role of inflammaging between mitochondrial dysfunction and sarcopenia in aging: a review,2023
T6362,https://www.ncbi.nlm.nih.gov/pmc/articles/PMC10767750/,Aging Hallmarks and Progression and Age-Related Diseases: A Landscape View of Research Advancement,2023
T6362,https://www.ncbi.nlm.nih.gov/pmc/articles/PMC10769024/,"Senescent response in inner annulus fibrosus cells in response to TNFα, H2O2, and TNFα-induced nucleus pulposus senescent secretome",2024
T1455,https://www.ncbi.nlm.nih.gov/pmc/articles/PMC10769195/,Hallmarks of stemness in mammalian tissues,2024
T0259,https://www.ncbi.nlm.nih.gov/pmc/articles/PMC10769286/,Methylation Array Signals are Predictive of Chronological Age Without Bisulfite Conversion,2023
T6362,https://www.ncbi.nlm.nih.gov/pmc/articles/PMC10769423/,A Fully-Automated Senescence Test (FAST) for the high-throughput quantification of senescence-associated markers,2024
T6362,https://www.ncbi.nlm.nih.gov/pmc/articles/PMC10769453/,"Age, Sex and Alzheimer’s disease: A longitudinal study of 3xTg-AD mice reveals sex-specific disease trajectories and inflammatory responses mirrored in postmortem brains from Alzheimer’s patients",2023
T6362,https://www.ncbi.nlm.nih.gov/pmc/articles/PMC10769968/,"Activation of senescence in critically ill patients: mechanisms, consequences and therapeutic opportunities",2024
T7305,https://www.ncbi.nlm.nih.gov/pmc/articles/PMC10770525/,"Targeting STAT6 to mitigate sepsis-induced muscle atrophy and weakness: Modulation of mitochondrial dysfunction, ferroptosis, and CHI3L1-Mediated satellite cell loss",2023
T6362,https://www.ncbi.nlm.nih.gov/pmc/articles/PMC10770899/,Identification and validation of senescence-related genes in polycystic ovary syndrome,2024
T2021,https://www.ncbi.nlm.nih.gov/pmc/articles/PMC10770917/,Inflammatory markers and physical frailty: towards clinical application,2024
T7381,https://www.ncbi.nlm.nih.gov/pmc/articles/PMC10771513/,"Posttraumatic stress disorder, trauma, and accelerated biological aging among post-9/11 veterans",2024
T1455,https://www.ncbi.nlm.nih.gov/pmc/articles/PMC10772381/,Identification of polymorphic alleles in TERC and TERT gene reprogramming the telomeres of newborn and legacy with parental health,2023
T9512,https://www.ncbi.nlm.nih.gov/pmc/articles/PMC10772849/,Antioxidant potential of chlorogenic acid in Age‐Related eye diseases,2024
T1455,https://www.ncbi.nlm.nih.gov/pmc/articles/PMC10773729/,"Chronic low-grade inflammation and ovarian dysfunction in women with polycystic ovarian syndrome, endometriosis, and aging",2023
T6362,https://www.ncbi.nlm.nih.gov/pmc/articles/PMC10773835/,Circular RNA and intervertebral disc degeneration: unravelling mechanisms and implications,2023
T6362,https://www.ncbi.nlm.nih.gov/pmc/articles/PMC10774482/,Cyclic GMP-AMP Synthase in Cancer Prevention,2023
T7305,https://www.ncbi.nlm.nih.gov/pmc/articles/PMC10774691/,UCP2–SIRT3 Signaling Relieved Hyperglycemia-Induced Oxidative Stress and Senescence in Diabetic Retinopathy,2024
T7305,https://www.ncbi.nlm.nih.gov/pmc/articles/PMC10775241/,POSTER PRESENTATIONS,2023
T0259,https://www.ncbi.nlm.nih.gov/pmc/articles/PMC10775380/,Variability in exercise is linked to improved age-related dysfunctions: A potential role for the constrained-disorder principle-based second-generation artificial intelligence system,2023
T6362,https://www.ncbi.nlm.nih.gov/pmc/articles/PMC10775505/,Modulation of fracture healing by senescence-associated secretory phenotype (SASP): a narrative review of the current literature,2024
T6362,https://www.ncbi.nlm.nih.gov/pmc/articles/PMC10775597/,Cellular and molecular mechanisms of highly active mesenchymal stem cells in the treatment of senescence of rhesus monkey ovary,2024
T6362,https://www.ncbi.nlm.nih.gov/pmc/articles/PMC10775678/,Death-associated protein kinase 1 as a therapeutic target for Alzheimer's disease,2024
T5854,https://www.ncbi.nlm.nih.gov/pmc/articles/PMC10776026/,Adaptive advantages of restorative RNA editing in fungi for resolving survival-reproduction trade-offs,2024
T2021,https://www.ncbi.nlm.nih.gov/pmc/articles/PMC10776120/,Enabling translational geroscience by broadening the scope of geriatric care,2023
T7305,https://www.ncbi.nlm.nih.gov/pmc/articles/PMC10776891/,History of ALS and the competing theories on pathogenesis: IFCN handbook chapter,2023
T6362,https://www.ncbi.nlm.nih.gov/pmc/articles/PMC10778094/,Molecular and Functional Key Features and Oncogenic Drivers in Thymic Carcinomas,2023
T1455,https://www.ncbi.nlm.nih.gov/pmc/articles/PMC10778154/,GLP1 Receptor Agonists—Effects beyond Obesity and Diabetes,2023
T7305,https://www.ncbi.nlm.nih.gov/pmc/articles/PMC10778235/,Mitochondrial Targeting against Alzheimer’s Disease: Lessons from Hibernation,2023
T6362,https://www.ncbi.nlm.nih.gov/pmc/articles/PMC10778430/,Immunotherapy in Elderly Patients—Single-Center Experience,2023
T7305,https://www.ncbi.nlm.nih.gov/pmc/articles/PMC10778690/,Towards Understanding Neurodegenerative Diseases: Insights from Caenorhabditis elegans,2023
T1455,https://www.ncbi.nlm.nih.gov/pmc/articles/PMC10778731/,Regulation of Satellite Cells Functions during Skeletal Muscle Regeneration: A Critical Step in Physiological and Pathological Conditions,2023
T2849,https://www.ncbi.nlm.nih.gov/pmc/articles/PMC10778813/,Icariin Improves Stress Resistance and Extends Lifespan in Caenorhabditis elegans through hsf-1 and daf-2-Driven Hormesis,2023
T7395,https://www.ncbi.nlm.nih.gov/pmc/articles/PMC10778847/,The p66Shc Redox Protein and the Emerging Complications of Diabetes,2023
T6362,https://www.ncbi.nlm.nih.gov/pmc/articles/PMC10778866/,Biological Effects of “Inflammageing” on Human Oral Cells: Insights into a Potential Confounder of Age-Related Diseases,2023
T7381,https://www.ncbi.nlm.nih.gov/pmc/articles/PMC10778867/,Uterine Aging and Reproduction: Dealing with a Puzzle Biologic Topic,2023
T5854,https://www.ncbi.nlm.nih.gov/pmc/articles/PMC10778954/,"Eternal Youth: A Comprehensive Exploration of Gene, Cellular, and Pharmacological Anti-Aging Strategies",2024
T7305,https://www.ncbi.nlm.nih.gov/pmc/articles/PMC10779072/,Correlations between Dementia and Loneliness,2023
T9512,https://www.ncbi.nlm.nih.gov/pmc/articles/PMC10779119/,Anti-Aging Effect of Hemerocallis citrina Baroni Polysaccharide-Rich Extract on Caenorhabditis elegans,2024
T7305,https://www.ncbi.nlm.nih.gov/pmc/articles/PMC10779130/,Distinctive Patterns of 5-Methylcytosine and 5-Hydroxymethylcytosine in Schizophrenia,2024
T7305,https://www.ncbi.nlm.nih.gov/pmc/articles/PMC10779333/,Glycolysis Reprogramming in Idiopathic Pulmonary Fibrosis: Unveiling the Mystery of Lactate in the Lung,2023
T1455,https://www.ncbi.nlm.nih.gov/pmc/articles/PMC10779349/,The Plastic Interplay between Lung Regeneration Phenomena and Fibrotic Evolution: Current Challenges and Novel Therapeutic Perspectives,2023
T7305,https://www.ncbi.nlm.nih.gov/pmc/articles/PMC10780653/,Unique Bioactives from Zombie Fungus (Cordyceps) as Promising Multitargeted Neuroprotective Agents,2023
T0259,https://www.ncbi.nlm.nih.gov/pmc/articles/PMC10781470/,Proteomic analysis reveals the aging-related pathways contribute to pulmonary fibrogenesis,2023
T6362,https://www.ncbi.nlm.nih.gov/pmc/articles/PMC10781680/,TRIM22 induces cellular senescence by targeting PHLPP2 in hepatocellular carcinoma,2024
T9826,https://www.ncbi.nlm.nih.gov/pmc/articles/PMC10782161/,Effect of acupuncture therapy on vaccine-induced immune response in d-galactose-induced aging rats,2023
T2620,https://www.ncbi.nlm.nih.gov/pmc/articles/PMC10782795/,Genus Curcuma: chemical and ethnopharmacological role in aging process,2024
T7305,https://www.ncbi.nlm.nih.gov/pmc/articles/PMC10783645/,Role of oxidative stress in neurodegenerative disorders: a review of reactive oxygen species and prevention by antioxidants,2024
T7381,https://www.ncbi.nlm.nih.gov/pmc/articles/PMC10784677/,Characterizing epigenetic aging in an adult sickle cell disease cohort,2023
T2620,https://www.ncbi.nlm.nih.gov/pmc/articles/PMC10785083/,Comparative Analysis of Soft Computing Models for Predicting Viscosity in Diesel Engine Lubricants: An Alternative Approach to Condition Monitoring,2023
T9826,https://www.ncbi.nlm.nih.gov/pmc/articles/PMC10785379/,Growth and longevity modulation through larval environment mediate immunosenescence and immune strategy of Tenebrio molitor,2024
T6362,https://www.ncbi.nlm.nih.gov/pmc/articles/PMC10785403/,Iron accumulation induced by hepcidin1 knockout accelerates the progression of aging osteoporosis,2024
T0259,https://www.ncbi.nlm.nih.gov/pmc/articles/PMC10785444/,Exosomes in skin photoaging: biological functions and therapeutic opportunity,2024
T7305,https://www.ncbi.nlm.nih.gov/pmc/articles/PMC10785513/,Simultaneous assessment of mitochondrial DNA copy number and nuclear epigenetic age towards predictive models of development and aging,2024
T7305,https://www.ncbi.nlm.nih.gov/pmc/articles/PMC10785555/,The involvement of α-synucleinopathy in the disruption of microglial homeostasis contributes to the pathogenesis of Parkinson’s disease,2024
T2021,https://www.ncbi.nlm.nih.gov/pmc/articles/PMC10786160/,Does activation of oxytocinergic reward circuits postpone the decline of the aging brain?,2023
T6362,https://www.ncbi.nlm.nih.gov/pmc/articles/PMC10786298/,"HKDC1, a target of TFEB, is essential to maintain both mitochondrial and lysosomal homeostasis, preventing cellular senescence",2024
T6362,https://www.ncbi.nlm.nih.gov/pmc/articles/PMC10786911/,Cholesterol biosynthetic pathway induces cellular senescence through ERRα,2024
T6362,https://www.ncbi.nlm.nih.gov/pmc/articles/PMC10787106/,Branched‐Chain Amino Acid Accumulation Fuels the Senescence‐Associated Secretory Phenotype,2023
T7395,https://www.ncbi.nlm.nih.gov/pmc/articles/PMC10788067/,Similarities and Differences of Vascular Calcification in Diabetes and Chronic Kidney Disease,2024
T1455,https://www.ncbi.nlm.nih.gov/pmc/articles/PMC10788207/,A common molecular and cellular pathway in developing Alzheimer and cancer,2023
T7305,https://www.ncbi.nlm.nih.gov/pmc/articles/PMC10788249/,Extracellular vesicle mitochondrial DNA levels are associated with race and mitochondrial DNA haplogroup,2023
T6362,https://www.ncbi.nlm.nih.gov/pmc/articles/PMC10788907/,Detection and Elimination of Senescent Cells with a Self-Assembled Senescence-Associated β-Galactosidase-Activatable Nanophotosensitizer,2023
T1455,https://www.ncbi.nlm.nih.gov/pmc/articles/PMC10789652/,The long and the short of it: Salivary telomere length as a candidate biomarker for hypertension and age‐related changes in blood pressure,2024
T7305,https://www.ncbi.nlm.nih.gov/pmc/articles/PMC10789655/,Unraveling the causes of sarcopenia: Roles of neuromuscular junction impairment and mitochondrial dysfunction,2024
T7381,https://www.ncbi.nlm.nih.gov/pmc/articles/PMC10789766/,Biologically informed deep learning for explainable epigenetic clocks,2024
T2849,https://www.ncbi.nlm.nih.gov/pmc/articles/PMC10791524/,Misalignment of plastic and evolutionary responses of lifespan to novel carbohydrate diets,2024
T6362,https://www.ncbi.nlm.nih.gov/pmc/articles/PMC10791569/,"Flavonoid 4,4′-dimethoxychalcone selectively eliminates senescent cells via activating ferritinophagy",2023
T1455,https://www.ncbi.nlm.nih.gov/pmc/articles/PMC10791739/,Meta-analysis shows no consistent evidence for senescence in ejaculate traits across animals,2024
T7305,https://www.ncbi.nlm.nih.gov/pmc/articles/PMC10791827/,Altered mitochondrial lymphocyte in overweight schizophrenia patients treated with atypical antipsychotics and its association with cognitive function,2024
T7395,https://www.ncbi.nlm.nih.gov/pmc/articles/PMC10794094/,Unraveling the Link: A Comprehensive Literature Review of Type 2 Diabetes and Menopause Onset,2023
T7395,https://www.ncbi.nlm.nih.gov/pmc/articles/PMC10794814/,Alteration in cartilage matrix stiffness as an indicator and modulator of osteoarthritis,2024
T2021,https://www.ncbi.nlm.nih.gov/pmc/articles/PMC10795779/,Book of Posters,2024
T2849,https://www.ncbi.nlm.nih.gov/pmc/articles/PMC10796089/,Recurrent Phases of Strict Protein Limitation Inhibit Tumor Growth and Restore Lifespan in A Drosophila Intestinal Cancer Model,2024
T7395,https://www.ncbi.nlm.nih.gov/pmc/articles/PMC10796101/,Alzheimer's Disease Puzzle: Delving into Pathogenesis Hypotheses,2024
T7305,https://www.ncbi.nlm.nih.gov/pmc/articles/PMC10796103/,Amyloid Precursor Protein: A Regulatory Hub in Alzheimer's Disease,2024
T7381,https://www.ncbi.nlm.nih.gov/pmc/articles/PMC10796106/,Oocyte Aging: A Multifactorial Phenomenon in A Unique Cell,2024
T6362,https://www.ncbi.nlm.nih.gov/pmc/articles/PMC10796628/,Mitochondrial-related microRNAs and their roles in cellular senescence,2024
T7305,https://www.ncbi.nlm.nih.gov/pmc/articles/PMC10798902/,A single-cell atlas of the aging mouse ovary,2024
T7305,https://www.ncbi.nlm.nih.gov/pmc/articles/PMC10798903/,NADase CD38 is a key determinant of ovarian aging,2023
T7381,https://www.ncbi.nlm.nih.gov/pmc/articles/PMC10799057/,"The immunity and redox clocks in mice, markers of lifespan",2024
T7305,https://www.ncbi.nlm.nih.gov/pmc/articles/PMC10799515/,(+)-Lipoic acid reduces mitochondrial unfolded protein response and attenuates oxidative stress and aging in an in vitro model of non-alcoholic fatty liver disease,2024
T7305,https://www.ncbi.nlm.nih.gov/pmc/articles/PMC10800550/,Non-coding RNAs in the pathophysiology of heart failure with preserved ejection fraction,2024
T7395,https://www.ncbi.nlm.nih.gov/pmc/articles/PMC10800801/,Immunological dimensions of neuroinflammation and microglial activation: exploring innovative immunomodulatory approaches to mitigate neuroinflammatory progression,2024
T7381,https://www.ncbi.nlm.nih.gov/pmc/articles/PMC10801200/,Bazi Bushen capsule improves the deterioration of the intestinal barrier function by inhibiting NLRP3 inflammasome-mediated pyroptosis through microbiota-gut-brain axis,2024
T6362,https://www.ncbi.nlm.nih.gov/pmc/articles/PMC10801261/,"Advancing athletic assessment by integrating conventional methods with cutting-edge biomedical technologies for comprehensive performance, wellness, and longevity insights",2024
T0259,https://www.ncbi.nlm.nih.gov/pmc/articles/PMC10802204/,Resistance and aerobic training increases genome-wide DNA methylation in women with polycystic ovary syndrome,2024
T0259,https://www.ncbi.nlm.nih.gov/pmc/articles/PMC10802571/,Late-life dietary folate restriction reduces biosynthetic processes without compromising healthspan in mice,2024
T6362,https://www.ncbi.nlm.nih.gov/pmc/articles/PMC10802597/,Discovering Root Causal Genes with High Throughput Perturbations,2024
T6362,https://www.ncbi.nlm.nih.gov/pmc/articles/PMC10802727/,Humanization of the mouse Tert gene reset telomeres to human length,2024
T0259,https://www.ncbi.nlm.nih.gov/pmc/articles/PMC10804662/,The interaction between ageing and Alzheimer's disease: insights from the hallmarks of ageing,2024
T9826,https://www.ncbi.nlm.nih.gov/pmc/articles/PMC10805515/,Molecular regulators of exercise‐mediated insulin sensitivity in non‐obese individuals,2023
T2620,https://www.ncbi.nlm.nih.gov/pmc/articles/PMC10806349/,Articular cartilage repair biomaterials: strategies and applications,2024
T2021,https://www.ncbi.nlm.nih.gov/pmc/articles/PMC10806725/,Exercise therapy for knee osteoarthritis pain: how does it work? A study protocol for a randomised controlled trial,2024
T2849,https://www.ncbi.nlm.nih.gov/pmc/articles/PMC10806989/,A mito-centric view on muscle aging and function,2024
T7305,https://www.ncbi.nlm.nih.gov/pmc/articles/PMC10807115/,Modeling the neuroimmune system in Alzheimer’s and Parkinson’s diseases,2024
T7305,https://www.ncbi.nlm.nih.gov/pmc/articles/PMC10807193/,"Selective autophagy in cancer: mechanisms, therapeutic implications, and future perspectives",2024
T7305,https://www.ncbi.nlm.nih.gov/pmc/articles/PMC10807361/,Update of the risk assessment of polybrominated diphenyl ethers (PBDEs) in food,2024
T6362,https://www.ncbi.nlm.nih.gov/pmc/articles/PMC10808101/,Age-related secretion of grancalcin by macrophages induces skeletal stem/progenitor cell senescence during fracture healing,2024
T6362,https://www.ncbi.nlm.nih.gov/pmc/articles/PMC10808572/,"Characteristics of elderly diabetes patients: focus on clinical manifestation, pathogenic mechanism, and the role of traditional Chinese medicine",2024
T7395,https://www.ncbi.nlm.nih.gov/pmc/articles/PMC10809181/,Current scientific evidence for why periodontitis should be included in diabetes management,2024
T5854,https://www.ncbi.nlm.nih.gov/pmc/articles/PMC10809635/,Colony level fitness analysis identifies a trade-off between population growth rate and dauer yield in Caenorhabditis elegans,2024
T7381,https://www.ncbi.nlm.nih.gov/pmc/articles/PMC10809641/,Development of an epigenetic clock to predict visual age progression of human skin,2024
T6362,https://www.ncbi.nlm.nih.gov/pmc/articles/PMC10810562/,Aging disrupts spatiotemporal regulation of germline stem cells and niche integrity,2024
T6362,https://www.ncbi.nlm.nih.gov/pmc/articles/PMC10811334/,Glial senescence enhances α-synuclein pathology owing to its insufficient clearance caused by autophagy dysfunction,2024
T2021,https://www.ncbi.nlm.nih.gov/pmc/articles/PMC10811476/,Single‐Cell Atlas of Human Ovaries Reveals The Role Of The Pyroptotic Macrophage in Ovarian Aging,2023
T7305,https://www.ncbi.nlm.nih.gov/pmc/articles/PMC10812460/,"Heavy Metal Exposure: Molecular Pathways, Clinical Implications, and Protective Strategies",2024
T7305,https://www.ncbi.nlm.nih.gov/pmc/articles/PMC10812550/,ADP-Ribosylation Factor-Interacting Protein 2 Acts as a Novel Regulator of Mitophagy and Autophagy in Podocytes in Diabetic Nephropathy,2024
T7395,https://www.ncbi.nlm.nih.gov/pmc/articles/PMC10812627/,"Role of Oxidative Stress, Methionine Oxidation and Methionine Sulfoxide Reductases (MSR) in Alzheimer’s Disease",2023
T6362,https://www.ncbi.nlm.nih.gov/pmc/articles/PMC10812742/,Vutiglabridin Alleviates Cellular Senescence with Metabolic Regulation and Circadian Clock in Human Dermal Fibroblasts,2024
T6362,https://www.ncbi.nlm.nih.gov/pmc/articles/PMC10813009/,Alternative Lengthening of Telomeres in Yeast: Old Questions and New Approaches,2024
T1455,https://www.ncbi.nlm.nih.gov/pmc/articles/PMC10813129/,Unwrap RAP1’s Mystery at Kinetoplastid Telomeres,2024
T6362,https://www.ncbi.nlm.nih.gov/pmc/articles/PMC10813147/,Salivary Gland Bioengineering,2023
T1455,https://www.ncbi.nlm.nih.gov/pmc/articles/PMC10813183/,"Oncogenic BRCA1,2 Mutations in the Human Lineage—A By-Product of Sexual Selection?",2023
T6362,https://www.ncbi.nlm.nih.gov/pmc/articles/PMC10813299/,The Dynamic SUMOylation Changes and Their Potential Role in the Senescence of APOE4 Mice,2023
T7305,https://www.ncbi.nlm.nih.gov/pmc/articles/PMC10813379/,Targeting the Metabolic Paradigms in Cancer and Diabetes,2024
T7305,https://www.ncbi.nlm.nih.gov/pmc/articles/PMC10813470/,Advancements in Genetic and Biochemical Insights: Unraveling the Etiopathogenesis of Neurodegeneration in Parkinson’s Disease,2024
T2849,https://www.ncbi.nlm.nih.gov/pmc/articles/PMC10813474/,Anti-Aging Drugs and the Related Signal Pathways,2024
T2849,https://www.ncbi.nlm.nih.gov/pmc/articles/PMC10813487/,Effects of Aging on Osteosynthesis at Bone–Implant Interfaces,2023
T0259,https://www.ncbi.nlm.nih.gov/pmc/articles/PMC10813522/,The Influence of Metabolic Syndrome on Potential Aging Biomarkers in Participants with Metabolic Syndrome Compared to Healthy Controls,2024
T2021,https://www.ncbi.nlm.nih.gov/pmc/articles/PMC10813550/,"Epigallocatechin-3-Gallate and Genistein for Decreasing Gut Dysbiosis, Inhibiting Inflammasomes, and Aiding Autophagy in Alzheimer’s Disease",2024
T7305,https://www.ncbi.nlm.nih.gov/pmc/articles/PMC10813640/,Microbiota Implications in Endocrine-Related Diseases: From Development to Novel Therapeutic Approaches,2024
T1455,https://www.ncbi.nlm.nih.gov/pmc/articles/PMC10813739/,Cellular Components of the Tumor Environment in Gliomas—What Do We Know Today?,2023
T7305,https://www.ncbi.nlm.nih.gov/pmc/articles/PMC10813801/,Answering the Cell Stress Call: Satellite Non-Coding Transcription as a Response Mechanism,2024
T0259,https://www.ncbi.nlm.nih.gov/pmc/articles/PMC10814230/,Peto’s “Paradox” and Six Degrees of Cancer Prevalence,2024
T9826,https://www.ncbi.nlm.nih.gov/pmc/articles/PMC10815036/,"Immunosenescence and Cytomegalovirus: Exploring Their Connection in the Context of Aging, Health, and Disease",2024
T0259,https://www.ncbi.nlm.nih.gov/pmc/articles/PMC10815409/,Reduced SIRT1 and SIRT3 and Lower Antioxidant Capacity of Seminal Plasma Is Associated with Shorter Sperm Telomere Length in Oligospermic Men,2024
T7381,https://www.ncbi.nlm.nih.gov/pmc/articles/PMC10815440/,Biological Aging Acceleration Due to Environmental Exposures: An Exciting New Direction in Toxicogenomics Research,2023
T6362,https://www.ncbi.nlm.nih.gov/pmc/articles/PMC10815792/,Heart Failure with Preserved Ejection Fraction: The Pathophysiological Mechanisms behind the Clinical Phenotypes and the Therapeutic Approach,2024
T7381,https://www.ncbi.nlm.nih.gov/pmc/articles/PMC10815822/,"Aging, Neurodegenerative Disorders, and Cerebellum",2024
T7305,https://www.ncbi.nlm.nih.gov/pmc/articles/PMC10816679/,A Review of Numerical Models of Radiation Injury and Repair Considering Subcellular Targets and the Extracellular Microenvironment,2024
T7305,https://www.ncbi.nlm.nih.gov/pmc/articles/PMC10817293/,Chronic Kidney Disease Associated with Ischemic Heart Disease: To What Extent Do Biomarkers Help?,2023
T1455,https://www.ncbi.nlm.nih.gov/pmc/articles/PMC10817368/,Composite dietary antioxidant index associated with delayed biological aging: a population-based study,2024
T7395,https://www.ncbi.nlm.nih.gov/pmc/articles/PMC10817500/,Chronic Kidney Disease Interplay with Comorbidities and Carbohydrate Metabolism: A Review,2023
T1455,https://www.ncbi.nlm.nih.gov/pmc/articles/PMC10818586/,"Evaluation of the Impact of Alternanthera philoxeroides (Mart.) Griseb. Extract on Memory Impairment in D-Galactose-Induced Brain Aging in Mice through Its Effects on Antioxidant Enzymes, Neuroinflammation, and Telomere Shortening",2024
T6362,https://www.ncbi.nlm.nih.gov/pmc/articles/PMC10818936/,Developmental Programming: Impact of Prenatal Exposure to Bisphenol A on Senescence and Circadian Mediators in the Liver of Sheep,2023
T6362,https://www.ncbi.nlm.nih.gov/pmc/articles/PMC10820276/,From the Sun to the Cell: Examining Obesity through the Lens of Vitamin D and Inflammation,2023
T7395,https://www.ncbi.nlm.nih.gov/pmc/articles/PMC10820779/,Advances in Mass Spectrometry-Based Blood Metabolomics Profiling for Non-Cancer Diseases: A Comprehensive Review,2024
T7305,https://www.ncbi.nlm.nih.gov/pmc/articles/PMC10820857/,Nutrition at the Intersection between Gut Microbiota Eubiosis and Effective Management of Type 2 Diabetes,2024
T0259,https://www.ncbi.nlm.nih.gov/pmc/articles/PMC10821067/,The impact of physical activity on promoter-specific methylation of genes involved in the redox-status and disease progression: A longitudinal study on post-surgery female breast cancer patients undergoing medical treatment,2024
T7305,https://www.ncbi.nlm.nih.gov/pmc/articles/PMC10821893/,Mitophagy curtails cytosolic mtDNA-dependent activation of cGAS/STING inflammation during aging,2024
T7395,https://www.ncbi.nlm.nih.gov/pmc/articles/PMC10822950/,Multigenerational diabetes mellitus,2024
T6362,https://www.ncbi.nlm.nih.gov/pmc/articles/PMC10823232/,Trametinib ameliorates aging-associated gut pathology in Drosophila females by reducing Pol III activity in intestinal stem cells,2024
T9826,https://www.ncbi.nlm.nih.gov/pmc/articles/PMC10823355/,Multiple morphophysiological responses of a tropical frog to urbanization conform to the pace-of-life syndrome,2024
T0259,https://www.ncbi.nlm.nih.gov/pmc/articles/PMC10823641/,Mosaic loss of Y chromosome is associated with aging and epithelial injury in chronic kidney disease,2024
T7395,https://www.ncbi.nlm.nih.gov/pmc/articles/PMC10823790/, Clearance of extracellular human amyloid-β aggregates in C. elegans by nutraceutical and pharmaceutical interventions ,2024
T0259,https://www.ncbi.nlm.nih.gov/pmc/articles/PMC10824251/,The hallmarks of aging as a conceptual framework for health and longevity research,2024
T6362,https://www.ncbi.nlm.nih.gov/pmc/articles/PMC10826924/,Sox9 Accelerates Vascular Aging by Regulating Extracellular Matrix Composition and Stiffness,2024
T2849,https://www.ncbi.nlm.nih.gov/pmc/articles/PMC10827074/,High-content phenotypic analysis of a C. elegans recombinant inbred population identifies genetic and molecular regulators of lifespan,2024
T6362,https://www.ncbi.nlm.nih.gov/pmc/articles/PMC10827563/,Thioredoxin (Trx): A redox target and modulator of cellular senescence and aging-related diseases,2024
T7305,https://www.ncbi.nlm.nih.gov/pmc/articles/PMC10827639/,Beneficial Effects of Low-Grade Mitochondrial Stress on Metabolic Diseases and Aging,2024
T2021,https://www.ncbi.nlm.nih.gov/pmc/articles/PMC10827931/,A narrative review on inflammaging and late-onset hypogonadism,2024
T7305,https://www.ncbi.nlm.nih.gov/pmc/articles/PMC10828146/,"Astaxanthin and meclizine extend lifespan in UM-HET3 male mice; fisetin, SG1002 (hydrogen sulfide donor), dimethyl fumarate, mycophenolic acid, and 4-phenylbutyrate do not significantly affect lifespan in either sex at the doses and schedules used",2023
T7381,https://www.ncbi.nlm.nih.gov/pmc/articles/PMC10828222/,The CEPH aging cohort and biobank: a valuable collection of biological samples from exceptionally long-lived French individuals and their offspring for longevity studies,2023
T7305,https://www.ncbi.nlm.nih.gov/pmc/articles/PMC10828240/,Interplay of body mass index and metabolic syndrome: association with physiological age from midlife to late-life,2023
T2021,https://www.ncbi.nlm.nih.gov/pmc/articles/PMC10828495/,Role of the kisspeptin-KISS1R axis in the pathogenesis of chronic kidney disease and uremic cardiomyopathy,2023
T7305,https://www.ncbi.nlm.nih.gov/pmc/articles/PMC10828820/,Remodeling of the Cardiac Extracellular Matrix Proteome During Chronological and Pathological Aging,2023
T6362,https://www.ncbi.nlm.nih.gov/pmc/articles/PMC10829571/,XLI Annual Meeting of the Indian Academy of Neurosciences and International Conference on BRAIN: CHEMISTRY TO COGNITION,2024
T6362,https://www.ncbi.nlm.nih.gov/pmc/articles/PMC10830172/,Down-expression of miR-494-3p in senescent osteocyte-derived exosomes inhibits osteogenesis and accelerates age-related bone loss via PTEN/PI3K/AKT pathway,2024
T6362,https://www.ncbi.nlm.nih.gov/pmc/articles/PMC10830479/,Effect of aging on the human myometrium at single-cell resolution,2024
T6362,https://www.ncbi.nlm.nih.gov/pmc/articles/PMC10833603/,Targeting Senescent Cells as Therapy for CKD,2023
T2021,https://www.ncbi.nlm.nih.gov/pmc/articles/PMC10834365/,Distinct baseline immune characteristics associated with responses to conjugated and unconjugated pneumococcal polysaccharide vaccines in older adults,2024
T2849,https://www.ncbi.nlm.nih.gov/pmc/articles/PMC10834508/,Multifaceted roles of CCAR family proteins in the DNA damage response and cancer,2024
T7305,https://www.ncbi.nlm.nih.gov/pmc/articles/PMC10834651/,"Application of adipose-derived stem cells in ischemic heart disease: theory, potency, and advantage",2024
T2021,https://www.ncbi.nlm.nih.gov/pmc/articles/PMC10834687/,Interaction between the microbiota and the skin barrier in aging skin: a comprehensive review,2024
T0259,https://www.ncbi.nlm.nih.gov/pmc/articles/PMC10835255/,The molecular mechanism of aging and the role in neurodegenerative diseases,2024
T7305,https://www.ncbi.nlm.nih.gov/pmc/articles/PMC10836605/,Mitophagy in Alzheimer’s Disease: A Bibliometric Analysis from 2007 to 2022,2024
T9826,https://www.ncbi.nlm.nih.gov/pmc/articles/PMC10837346/,Extracellular Delivery of Functional Mitochondria Rescues the Dysfunction of CD4+ T Cells in Aging,2023
T6362,https://www.ncbi.nlm.nih.gov/pmc/articles/PMC10837389/,Deciphering Immune Landscape Remodeling Unravels the Underlying Mechanism for Synchronized Muscle and Bone Aging,2023
T6362,https://www.ncbi.nlm.nih.gov/pmc/articles/PMC10838959/,Extracellular vesicles as tools and targets in therapy for diseases,2024
T6362,https://www.ncbi.nlm.nih.gov/pmc/articles/PMC10839002/,The functional role of cellular senescence during vascular calcification in chronic kidney disease,2024
T0259,https://www.ncbi.nlm.nih.gov/pmc/articles/PMC10839115/,Aging differentially alters the transcriptome and landscape of chromatin accessibility in the male and female mouse hippocampus,2024
T0259,https://www.ncbi.nlm.nih.gov/pmc/articles/PMC10839291/,The dual role of the DREAM/G2M pathway in non‐tumorigenic immortalization of senescent cells,2023
T9826,https://www.ncbi.nlm.nih.gov/pmc/articles/PMC10840211/,"The interplay between obesity, immunosenescence, and insulin resistance",2024
T6362,https://www.ncbi.nlm.nih.gov/pmc/articles/PMC10840360/,Redox changes and cellular senescence in Alzheimer's disease,2024
T7305,https://www.ncbi.nlm.nih.gov/pmc/articles/PMC10840571/,Transcranial photobiomodulation for brain diseases: review of animal and human studies including mechanisms and emerging trends,2024
T7305,https://www.ncbi.nlm.nih.gov/pmc/articles/PMC10841857/,Skeletal muscle TFEB signaling promotes central nervous system function and reduces neuroinflammation during aging and neurodegenerative disease,2023
T1455,https://www.ncbi.nlm.nih.gov/pmc/articles/PMC10844687/, Sex‐specific differences in telomere length of patients with primary knee osteoarthritis,2024
T6362,https://www.ncbi.nlm.nih.gov/pmc/articles/PMC10844696/, C‐X‐C chemokine receptor type 4 promotes tubular cell senescence and renal fibrosis through β‐catenin‐inhibited fatty acid oxidation,2024
T7305,https://www.ncbi.nlm.nih.gov/pmc/articles/PMC10844980/,"Mitochondrial network dynamics in pulmonary disease: Bridging the gap between inflammation, oxidative stress, and bioenergetics",2024
T7305,https://www.ncbi.nlm.nih.gov/pmc/articles/PMC10846052/,3-N-butylphthalide attenuates neuroinflammation in rotenone-induced Parkinson’s disease models via the cGAS-STING pathway,2024
T7305,https://www.ncbi.nlm.nih.gov/pmc/articles/PMC10847180/,Potential regulatory role of PGC-1α within the skeletal muscle during metabolic adaptations in response to high-fat diet feeding in animal models,2023
T2849,https://www.ncbi.nlm.nih.gov/pmc/articles/PMC10847233/,Progress in the study of aging marker criteria in human populations,2024
T1455,https://www.ncbi.nlm.nih.gov/pmc/articles/PMC10847301/,The impact of biomembranes and their dynamics on organismic aging: insights from a fungal aging model,2024
T7305,https://www.ncbi.nlm.nih.gov/pmc/articles/PMC10847563/,Heart–brain interaction in cardiogenic dementia: pathophysiology and therapeutic potential,2024
T6362,https://www.ncbi.nlm.nih.gov/pmc/articles/PMC10848692/,Bronchopulmonary Dysplasia and Cell Senescence: A Case of Old Lungs in Young Infants?,2023
T6362,https://www.ncbi.nlm.nih.gov/pmc/articles/PMC10849391/,Sex- and region-specific cortical and hippocampal whole genome transcriptome profiles from control and APP/PS1 Alzheimer’s disease mice,2024
T9512,https://www.ncbi.nlm.nih.gov/pmc/articles/PMC10850142/,Mitochondrial function in peripheral blood cells across the human lifespan,2024
T7305,https://www.ncbi.nlm.nih.gov/pmc/articles/PMC10850296/,Glaucoma: from pathogenic mechanisms to retinal glial cell response to damage,2024
T0259,https://www.ncbi.nlm.nih.gov/pmc/articles/PMC10850353/,Unlocking longevity: the role of telomeres and its targeting interventions,2024
T7305,https://www.ncbi.nlm.nih.gov/pmc/articles/PMC10850396/,Role of traditional Chinese medicine in age-related macular degeneration: exploring the gut microbiota’s influence,2024
T2849,https://www.ncbi.nlm.nih.gov/pmc/articles/PMC10850488/,Magnolol extends lifespan and improves age-related neurodegeneration in Caenorhabditis elegans via increase of stress resistance,2024
T7305,https://www.ncbi.nlm.nih.gov/pmc/articles/PMC10851563/,Astragalus polysaccharides attenuate rat aortic endothelial senescence via regulation of the SIRT-1/p53 signaling pathway,2024
T2849,https://www.ncbi.nlm.nih.gov/pmc/articles/PMC10851731/,Are Supra-Physiological Plant-Based Antioxidants Ready for the Clinic? A Scoping Review of Hormetic Influences Driving Positive Clinical Outcomes,2024
T6362,https://www.ncbi.nlm.nih.gov/pmc/articles/PMC10851760/,Pharmacological and mechanistic aspects of quercetin in osteoporosis,2024
T9512,https://www.ncbi.nlm.nih.gov/pmc/articles/PMC10853939/,Antiaging Strategies and Remedies: A Landscape of Research Progress and Promise,2024
T6362,https://www.ncbi.nlm.nih.gov/pmc/articles/PMC10854156/,The role of extracellular vesicles in COPD and potential clinical value,2024
T7305,https://www.ncbi.nlm.nih.gov/pmc/articles/PMC10854721/,Considering Caenorhabditis elegans Aging on a Temporal and Tissue Scale: The Case of Insulin/IGF-1 Signaling,2024
T9826,https://www.ncbi.nlm.nih.gov/pmc/articles/PMC10854891/,The Contribution of Innate Immunity in Large-Vessel Vasculitis: Detangling New Pathomechanisms beyond the Onset of Vascular Inflammation,2024
T9512,https://www.ncbi.nlm.nih.gov/pmc/articles/PMC10855050/,Effect of Different Edible Trichosanthes Germplasm on Its Seed Oil to Enhance Antioxidant and Anti-Aging Activity in Caenorhabditis elegans,2024
T1455,https://www.ncbi.nlm.nih.gov/pmc/articles/PMC10855218/,Effect of Selected Antioxidants on the In Vitro Aging of Human Fibroblasts,2024
T0259,https://www.ncbi.nlm.nih.gov/pmc/articles/PMC10855240/,Senotherapeutics to Counteract Senescent Cells Are Prominent Topics in the Context of Anti-Ageing Strategies,2024
T7305,https://www.ncbi.nlm.nih.gov/pmc/articles/PMC10855412/,"Stress, Allostatic Load, and Neuroinflammation: Implications for Racial and Socioeconomic Health Disparities in Glaucoma",2024
T0259,https://www.ncbi.nlm.nih.gov/pmc/articles/PMC10855488/,Onco-Breastomics: An Eco-Evo-Devo Holistic Approach,2024
T6362,https://www.ncbi.nlm.nih.gov/pmc/articles/PMC10855900/,Age-Related Macular Degeneration and Mitochondria-Associated Autoantibodies: A Review of the Specific Pathogenesis and Therapeutic Strategies,2024
T0259,https://www.ncbi.nlm.nih.gov/pmc/articles/PMC10855977/,"Telomere Length, Mitochondrial DNA, and Micronucleus Yield in Response to Oxidative Stress in Peripheral Blood Mononuclear Cells",2024
T9512,https://www.ncbi.nlm.nih.gov/pmc/articles/PMC10856357/,To Be Frail or Not to Be Frail: This Is the Question—A Critical Narrative Review of Frailty,2024
T7305,https://www.ncbi.nlm.nih.gov/pmc/articles/PMC10856527/,"Extra-Virgin Olive Oil in Alzheimer’s Disease: A Comprehensive Review of Cellular, Animal, and Clinical Studies",2024
T6362,https://www.ncbi.nlm.nih.gov/pmc/articles/PMC10856537/,Biological and Physical Performance Markers for Early Detection of Cognitive Impairment in Older Adults,2024
T6362,https://www.ncbi.nlm.nih.gov/pmc/articles/PMC10856659/,Electrospun Nanofibers Encapsulated with Natural Products:  A Novel Strategy to Counteract Skin Aging,2024
T2021,https://www.ncbi.nlm.nih.gov/pmc/articles/PMC10857325/,Vitamin D and Aging: Central Role of Immunocompetence,2024
T9826,https://www.ncbi.nlm.nih.gov/pmc/articles/PMC10858163/,Exploring the future adult vaccine landscape—crowded schedules and new dynamics,2024
T9826,https://www.ncbi.nlm.nih.gov/pmc/articles/PMC10858335/, Meta‐analysis on the impact of immune senescence: Unravelling the interplay in cutaneous wound healing and lung cancer progression,2024
T7395,https://www.ncbi.nlm.nih.gov/pmc/articles/PMC10859025/,PFKFB3 in neovascular eye disease: unraveling mechanisms and exploring therapeutic strategies,2024
T6362,https://www.ncbi.nlm.nih.gov/pmc/articles/PMC10859856/,Gene expression meta-analysis reveals aging and cellular senescence signatures in scleroderma-associated interstitial lung disease,2024
T6004,https://www.ncbi.nlm.nih.gov/pmc/articles/PMC10859874/,Iron scavenging and suppression of collagen cross-linking underlie antifibrotic effects of carnosine in the heart with obesity,2024
T2849,https://www.ncbi.nlm.nih.gov/pmc/articles/PMC10859967/,SIRT3 Activation a Promise in Drug Development? New Insights into SIRT3 Biology and Its Implications on the Drug Discovery Process,2024
T7381,https://www.ncbi.nlm.nih.gov/pmc/articles/PMC10861193/,DNA repair‐deficient premature aging models display accelerated epigenetic age,2023
T6362,https://www.ncbi.nlm.nih.gov/pmc/articles/PMC10861194/,Endothelial cell‐specific reduction in mTOR ameliorates age‐related arterial and metabolic dysfunction,2023
T0259,https://www.ncbi.nlm.nih.gov/pmc/articles/PMC10861195/,Partial cellular reprogramming: A deep dive into an emerging rejuvenation technology,2023
T6362,https://www.ncbi.nlm.nih.gov/pmc/articles/PMC10861196/,Calorie restriction reduces biomarkers of cellular senescence in humans,2023
T2620,https://www.ncbi.nlm.nih.gov/pmc/articles/PMC10861212/,Network‐based cytokine inference implicates Oncostatin M as a driver of an inflammation phenotype in knee osteoarthritis,2023
T7305,https://www.ncbi.nlm.nih.gov/pmc/articles/PMC10861215/,Aging in the dermis: Fibroblast senescence and its significance,2023
T7305,https://www.ncbi.nlm.nih.gov/pmc/articles/PMC10861606/,"Dysregulation of acyl carnitines, pentose phosphate pathway and arginine and ornithine metabolism are associated with decline in intrinsic capacity in Chinese older adults",2024
T7305,https://www.ncbi.nlm.nih.gov/pmc/articles/PMC10861688/,Ferroptosis regulation through Nrf2 and implications for neurodegenerative diseases,2024
T7395,https://www.ncbi.nlm.nih.gov/pmc/articles/PMC10863220/,The double burden: type 1 diabetes and heart failure—a comprehensive review,2024
T6362,https://www.ncbi.nlm.nih.gov/pmc/articles/PMC10863452/,Differential age-related transcriptomic analysis of ovarian granulosa cells in Kazakh horses,2024
T6362,https://www.ncbi.nlm.nih.gov/pmc/articles/PMC10864342/,Nuclear Phosphoproteome Reveals Prolyl Isomerase PIN1 as a Modulator of Oncogene-Induced Senescence,2024
T7395,https://www.ncbi.nlm.nih.gov/pmc/articles/PMC10864602/,"Prevalence, cognitive characteristics, and influencing factors of amnestic mild cognitive impairment among older adults residing in an urban community in Chengdu, China",2024
T7381,https://www.ncbi.nlm.nih.gov/pmc/articles/PMC10866415/,"Epigenetic drift underlies epigenetic clock signals, but displays distinct responses to lifespan interventions, development, and cellular dedifferentiation",2024
T2021,https://www.ncbi.nlm.nih.gov/pmc/articles/PMC10866841/,Immune receptors and aging brain,2024
T7395,https://www.ncbi.nlm.nih.gov/pmc/articles/PMC10867108/,S100A8 is a prognostic signature and associated with immune response in diffuse large B-cell lymphoma,2024
T9826,https://www.ncbi.nlm.nih.gov/pmc/articles/PMC10867193/,A silver bullet for ageing medicine?: clinical relevance of T-cell checkpoint receptors in normal human ageing,2024
T9826,https://www.ncbi.nlm.nih.gov/pmc/articles/PMC10867256/,"Unraveling lipid and inflammation interplay in cancer, aging and infection for novel theranostic approaches",2024
T7305,https://www.ncbi.nlm.nih.gov/pmc/articles/PMC10867257/,The mechanism of gut-lung axis in pulmonary fibrosis,2024
T0259,https://www.ncbi.nlm.nih.gov/pmc/articles/PMC10867565/,The role of microbiomes in gastrointestinal cancers: new insights,2024
T0259,https://www.ncbi.nlm.nih.gov/pmc/articles/PMC10868121/,Autophagy-modulating biomaterials: multifunctional weapons to promote tissue regeneration,2024
T7305,https://www.ncbi.nlm.nih.gov/pmc/articles/PMC10869569/,Applications of Raman spectroscopy in the diagnosis and monitoring of neurodegenerative diseases,2024
T7305,https://www.ncbi.nlm.nih.gov/pmc/articles/PMC10869798/,Microbiota–gut–brain axis and its therapeutic applications in neurodegenerative diseases,2024
T7381,https://www.ncbi.nlm.nih.gov/pmc/articles/PMC10869857/,Global scientific trends in research of epigenetic response to exercise: A bibliometric analysis,2024
T7305,https://www.ncbi.nlm.nih.gov/pmc/articles/PMC10870139/,"Persistent inflammation, immunosuppression, and catabolism syndrome (PICS): a review of definitions, potential therapies, and research priorities",2024
T0259,https://www.ncbi.nlm.nih.gov/pmc/articles/PMC10871368/,Increased Frequency of Clonal Hematopoiesis of Indeterminate Potential in Bloom Syndrome Probands and Carriers,2024
T6362,https://www.ncbi.nlm.nih.gov/pmc/articles/PMC10871702/,Autophagy Determines Distinct Cell Fates in Human Amnion and Chorion Cells,2024
T6362,https://www.ncbi.nlm.nih.gov/pmc/articles/PMC10873425/,Pro-ferroptotic signaling promotes arterial aging via vascular smooth muscle cell senescence,2024
T7395,https://www.ncbi.nlm.nih.gov/pmc/articles/PMC10874461/,Insights and implications of sexual dimorphism in osteoporosis,2024
T0259,https://www.ncbi.nlm.nih.gov/pmc/articles/PMC10874500/,Clinically Actionable Topical Strategies for Addressing the Hallmarks of Skin Aging: A Primer for Aesthetic Medicine Practitioners,2024
T6362,https://www.ncbi.nlm.nih.gov/pmc/articles/PMC10876076/,"Proteomic Analysis of the Senescence-Associated Secretory Phenotype: GDF-15, IGFBP-2, and Cystatin-C Are Associated With Multiple Aging Traits",2023
T7305,https://www.ncbi.nlm.nih.gov/pmc/articles/PMC10876263/,Aryl hydrocarbon receptor: Linking environment to aging process in elderly patients with asthma,2024
T7305,https://www.ncbi.nlm.nih.gov/pmc/articles/PMC10877222/,Behind the Mask: Parkinson's Disease and Depression,2024
T6362,https://www.ncbi.nlm.nih.gov/pmc/articles/PMC10877780/,Emerging role of senescent microglia in brain aging-related neurodegenerative diseases,2024
T7305,https://www.ncbi.nlm.nih.gov/pmc/articles/PMC10878147/,Polyphenols Targeting NF-κB Pathway in Neurological Disorders: What We Know So Far?,2024
T7305,https://www.ncbi.nlm.nih.gov/pmc/articles/PMC10878156/,Sirtuin 4 (Sirt4) downregulation contributes to chondrocyte senescence and osteoarthritis via mediating mitochondrial dysfunction,2024
T6362,https://www.ncbi.nlm.nih.gov/pmc/articles/PMC10878767/,Telomere length and TERT polymorphisms as biomarkers in asbestos-related diseases,2024
T9826,https://www.ncbi.nlm.nih.gov/pmc/articles/PMC10879164/,Fasting-mimicking diet causes hepatic and blood markers changes indicating reduced biological age and disease risk,2024
T6362,https://www.ncbi.nlm.nih.gov/pmc/articles/PMC10879929/,Challenges and opportunities in cell expansion for cultivated meat,2024
T6362,https://www.ncbi.nlm.nih.gov/pmc/articles/PMC10880003/,How cy pres promotes transdisciplinary convergence science: an academic health center for women’s cardiovascular and brain health,2024
T6362,https://www.ncbi.nlm.nih.gov/pmc/articles/PMC10880081/,Senotherapeutics: Different approaches of discovery and development,2023
T7395,https://www.ncbi.nlm.nih.gov/pmc/articles/PMC10880452/,Emerging role of antidiabetic drugs in cardiorenal protection,2024
T7395,https://www.ncbi.nlm.nih.gov/pmc/articles/PMC10880763/,Alcohol use and the pain system,2024
T6362,https://www.ncbi.nlm.nih.gov/pmc/articles/PMC10881867/,Neuroinflammation and schizophrenia – is there a link?,2024
T1455,https://www.ncbi.nlm.nih.gov/pmc/articles/PMC10882010/,Isolation of circulating endothelial cells provides tool to determine endothelial cell senescence in blood samples,2024
T1455,https://www.ncbi.nlm.nih.gov/pmc/articles/PMC10882326/,Associations of combined phenotypic ageing and genetic risk with incidence of chronic respiratory diseases in the UK Biobank: a prospective cohort study,2024
T6362,https://www.ncbi.nlm.nih.gov/pmc/articles/PMC10882764/,HDL levels modulate the impact of type 2 diabetes susceptibility alleles in older adults,2024
T7381,https://www.ncbi.nlm.nih.gov/pmc/articles/PMC10882811/,Distinct intestinal microbial signatures linked to accelerated systemic and intestinal biological aging,2024
T6362,https://www.ncbi.nlm.nih.gov/pmc/articles/PMC10883269/,YTHDC1 delays cellular senescence and pulmonary fibrosis by activating ATR in an m6A-independent manner,2023
T6362,https://www.ncbi.nlm.nih.gov/pmc/articles/PMC10883852/,Cellular senescence: Neither irreversible nor reversible,2024
T6362,https://www.ncbi.nlm.nih.gov/pmc/articles/PMC10883971/,Alternative Wnt-signaling axis leads to a break of oncogene-induced senescence,2024
T7305,https://www.ncbi.nlm.nih.gov/pmc/articles/PMC10884323/,"Gut microbiota, nutrition, and mental health",2024
T7305,https://www.ncbi.nlm.nih.gov/pmc/articles/PMC10884328/,"Mitochondrial bioenergetics, metabolism, and beyond in pancreatic β-cells and diabetes",2024
T7395,https://www.ncbi.nlm.nih.gov/pmc/articles/PMC10884806/,Ginseng-Sanqi-Chuanxiong (GSC) extracts attenuate d-galactose-induced vascular aging in mice via inhibition of endothelial progenitor cells senescence,2024
T6362,https://www.ncbi.nlm.nih.gov/pmc/articles/PMC10885129/,Phenolic Compounds of Therapeutic Interest in Neuroprotection,2024
T9826,https://www.ncbi.nlm.nih.gov/pmc/articles/PMC10885348/,Infection risk by oral contamination does not induce immune priming in the mealworm beetle (Tenebrio molitor) but triggers behavioral and physiological responses,2024
T6362,https://www.ncbi.nlm.nih.gov/pmc/articles/PMC10885667/,Dying to Defend: Neutrophil Death Pathways and their Implications in Immunity,2023
T9826,https://www.ncbi.nlm.nih.gov/pmc/articles/PMC10885965/,Antimicrobial Agent Use for Urinary Tract Infection in Long-Term Care Facilities in Spain: Results from a Retrospective Analytical Cohort Analysis,2024
T6362,https://www.ncbi.nlm.nih.gov/pmc/articles/PMC10886007/,"New Insights into Antioxidant Peptides: An Overview of Efficient Screening, Evaluation Models, Molecular Mechanisms, and Applications",2024
T7305,https://www.ncbi.nlm.nih.gov/pmc/articles/PMC10886126/,A Combinational Therapy for Preventing and Delaying the Onset of Alzheimer’s Disease: A Focus on Probiotic and Vitamin Co-Supplementation,2024
T7305,https://www.ncbi.nlm.nih.gov/pmc/articles/PMC10886154/,Mitochondrial Dysfunction in Endothelial Progenitor Cells: Unraveling Insights from Vascular Endothelial Cells,2024
T9512,https://www.ncbi.nlm.nih.gov/pmc/articles/PMC10886231/,Butein Increases Resistance to Oxidative Stress and Lifespan with Positive Effects on the Risk of Age-Related Diseases in Caenorhabditis elegans,2024
T7305,https://www.ncbi.nlm.nih.gov/pmc/articles/PMC10886272/,High-Fat Diet-Induced Obesity Increases Brain Mitochondrial Complex I and Lipoxidation-Derived Protein Damage,2024
T7305,https://www.ncbi.nlm.nih.gov/pmc/articles/PMC10886358/,Reactive Carbonyl Species and Protein Lipoxidation in Atherogenesis,2024
T6004,https://www.ncbi.nlm.nih.gov/pmc/articles/PMC10886484/,Combination of Anti-Angiogenics and Immunotherapies in Renal Cell Carcinoma Show Their Limits: Targeting Fibrosis to Break through the Glass Ceiling?,2024
T7305,https://www.ncbi.nlm.nih.gov/pmc/articles/PMC10886506/,Revealing the Complexity of Fatigue: A Review of the Persistent Challenges and Promises of Artificial Intelligence,2024
T9512,https://www.ncbi.nlm.nih.gov/pmc/articles/PMC10886573/,Biomarkers of Oxidative and Radical Stress,2024
T6362,https://www.ncbi.nlm.nih.gov/pmc/articles/PMC10886734/,Alzheimer’s Amyloid-β Accelerates Cell Senescence and Suppresses SIRT1 in Human Neural Stem Cells,2024
T6362,https://www.ncbi.nlm.nih.gov/pmc/articles/PMC10886764/,Trans Species RNA Activity: Sperm RNA of the Father of an Autistic Child Programs Glial Cells and Behavioral Disorders in Mice,2024
T7305,https://www.ncbi.nlm.nih.gov/pmc/articles/PMC10886786/,Mitochondrial Dysfunction and Protein Homeostasis in Aging: Insights from a Premature-Aging Mouse Model,2024
T7381,https://www.ncbi.nlm.nih.gov/pmc/articles/PMC10886797/,A Review: Multi-Omics Approach to Studying the Association between Ionizing Radiation Effects on Biological Aging,2024
T6362,https://www.ncbi.nlm.nih.gov/pmc/articles/PMC10886841/,Mitochondria-Targeted Catalase Does Not Suppress Development of Cellular Senescence during Aging,2024
T6362,https://www.ncbi.nlm.nih.gov/pmc/articles/PMC10886899/,Cutaneous Redox Senescence,2024
T6362,https://www.ncbi.nlm.nih.gov/pmc/articles/PMC10886919/,"Cellular Senescence, Mitochondrial Dysfunction, and Their Link to Cardiovascular Disease",2024
T7395,https://www.ncbi.nlm.nih.gov/pmc/articles/PMC10887030/,"Structures of Toxic Advanced Glycation End-Products Derived from Glyceraldehyde, A Sugar Metabolite",2024
T7305,https://www.ncbi.nlm.nih.gov/pmc/articles/PMC10887045/,Current Status and Future Prospects of Stem Cell Therapy for Infertile Patients with Premature Ovarian Insufficiency,2024
T7305,https://www.ncbi.nlm.nih.gov/pmc/articles/PMC10887164/,Pathogenesis of DJ-1/PARK7-Mediated Parkinson’s Disease,2024
T6362,https://www.ncbi.nlm.nih.gov/pmc/articles/PMC10887369/,Inhibition of miR-143-3p Restores Blood–Testis Barrier Function and Ameliorates Sertoli Cell Senescence,2024
T6004,https://www.ncbi.nlm.nih.gov/pmc/articles/PMC10887446/,"Phenotypic Heterogeneity, Bidirectionality, Universal Cues, Plasticity, Mechanics, and the Tumor Microenvironment Drive Cancer Metastasis",2024
T0259,https://www.ncbi.nlm.nih.gov/pmc/articles/PMC10887832/,The Potential Effects of Dietary Antioxidants in Obesity: A Comprehensive Review of the Literature,2024
T2620,https://www.ncbi.nlm.nih.gov/pmc/articles/PMC10888326/,Firefighter Health: A Narrative Review of Occupational Threats and Countermeasures,2024
T7305,https://www.ncbi.nlm.nih.gov/pmc/articles/PMC10888576/,Parkinson’s Disease: Cells Succumbing to Lifelong Dopamine-Related Oxidative Stress and Other Bioenergetic Challenges,2024
T2021,https://www.ncbi.nlm.nih.gov/pmc/articles/PMC10889087/,Inflammation in Development and Aging: Insights from the Zebrafish Model,2024
T6362,https://www.ncbi.nlm.nih.gov/pmc/articles/PMC10889119/,The Potential Use of Vitamin D3 and Phytochemicals for Their Anti-Ageing Effects,2024
T1455,https://www.ncbi.nlm.nih.gov/pmc/articles/PMC10889126/,Antioxidants in Photoaging: From Molecular Insights to Clinical Applications,2024
T6362,https://www.ncbi.nlm.nih.gov/pmc/articles/PMC10889199/,Endothelial Senescence: From Macro- to Micro-Vasculature and Its Implications on Cardiovascular Health,2024
T7305,https://www.ncbi.nlm.nih.gov/pmc/articles/PMC10889342/,"Unraveling the Genetic Landscape of Neurological Disorders: Insights into Pathogenesis, Techniques for Variant Identification, and Therapeutic Approaches",2024
T6362,https://www.ncbi.nlm.nih.gov/pmc/articles/PMC10889768/,Special Issue “Role of Apoptosis and Cellular Senescence in Cancer and Aging”,2024
T7305,https://www.ncbi.nlm.nih.gov/pmc/articles/PMC10889819/,Changes in Cells Associated with Insulin Resistance,2024
T7305,https://www.ncbi.nlm.nih.gov/pmc/articles/PMC10890710/,Epigenetics in Knee Osteoarthritis: A 2020–2023 Update Systematic Review,2024
T2849,https://www.ncbi.nlm.nih.gov/pmc/articles/PMC10891841/,Dendrobium Nobile Alcohol Extract Extends the Lifespan of Caenorhabditis elegans via hsf-1 and daf-16,2024
T0259,https://www.ncbi.nlm.nih.gov/pmc/articles/PMC10892939/,Magnesium and the Hallmarks of Aging,2024
T9826,https://www.ncbi.nlm.nih.gov/pmc/articles/PMC10893126/,B Cells Dynamic in Aging and the Implications of Nutritional Regulation,2024
T7305,https://www.ncbi.nlm.nih.gov/pmc/articles/PMC10893559/,Epigenetic modifications in obesity‐associated diseases,2024
T0259,https://www.ncbi.nlm.nih.gov/pmc/articles/PMC10894070/,Is Aging a Disease? A Critical Review Within the Framework of Ageism,2024
T2849,https://www.ncbi.nlm.nih.gov/pmc/articles/PMC10894287/,Reducing the metabolic burden of rRNA synthesis promotes healthy longevity in Caenorhabditis elegans,2024
T6362,https://www.ncbi.nlm.nih.gov/pmc/articles/PMC10895298/,Roles and inhibitors of FAK in cancer: current advances and future directions,2024
T7381,https://www.ncbi.nlm.nih.gov/pmc/articles/PMC10895753/,Epigenetic aging in older people living with HIV in Eswatini: a pilot study of HIV and lifestyle factors and epigenetic aging,2024
T6362,https://www.ncbi.nlm.nih.gov/pmc/articles/PMC10896161/,Angelica keiskei water extract Mitigates Age-Associated Physiological Decline in Mice,2024
T2021,https://www.ncbi.nlm.nih.gov/pmc/articles/PMC10896381/,Epigenetic erosion of H4K20me1 induced by inflammation drives aged stem cell ferroptosis,2024
T9826,https://www.ncbi.nlm.nih.gov/pmc/articles/PMC10896920/,Long-term space missions’ effects on the human organism: what we do know and what requires further research,2024
T2021,https://www.ncbi.nlm.nih.gov/pmc/articles/PMC10896971/,T cell senescence: a new perspective on immunotherapy in lung cancer,2024
T6362,https://www.ncbi.nlm.nih.gov/pmc/articles/PMC10897167/,Aging impairs the osteocytic regulation of collagen integrity and bone quality,2024
T7305,https://www.ncbi.nlm.nih.gov/pmc/articles/PMC10897203/,The DDHD2-STXBP1 interaction mediates long-term memory via generation of saturated free fatty acids,2024
T9545,https://www.ncbi.nlm.nih.gov/pmc/articles/PMC10898761/,A unified framework for evolutionary genetic and physiological theories of aging,2024
T7305,https://www.ncbi.nlm.nih.gov/pmc/articles/PMC10899265/,Metabolic memory: mechanisms and diseases,2024
T6362,https://www.ncbi.nlm.nih.gov/pmc/articles/PMC10900419/,Research progress of procyanidins in repairing cartilage injury after anterior cruciate ligament tear,2024
T6362,https://www.ncbi.nlm.nih.gov/pmc/articles/PMC10900543/,Oxidized SOD1 accelerates cellular senescence in neural stem cells,2024
T7305,https://www.ncbi.nlm.nih.gov/pmc/articles/PMC10900670/,A review on traditional Chinese medicine natural products and acupuncture intervention for Alzheimer’s disease based on the neuroinflammatory,2024
T7305,https://www.ncbi.nlm.nih.gov/pmc/articles/PMC10902006/,MtDNA deletions and aging,2024
T1455,https://www.ncbi.nlm.nih.gov/pmc/articles/PMC10902313/,Hypoxia-induced immortalization of primary cells depends on Tfcp2L1 expression,2024
T6362,https://www.ncbi.nlm.nih.gov/pmc/articles/PMC10902382/,Cellular reprogramming as a tool to model human aging in a dish,2024
T7305,https://www.ncbi.nlm.nih.gov/pmc/articles/PMC10903104/,Mitochondrial dysfunction in neurodegenerative disorders,2023
T0259,https://www.ncbi.nlm.nih.gov/pmc/articles/PMC10903195/,Investigating D-Amino Acid Oxidase Expression and Interaction Network Analyses in Pathways Associated With Cellular Stress: Implications in the Biology of Aging,2024
T7305,https://www.ncbi.nlm.nih.gov/pmc/articles/PMC10903265/,MiR-145-5p overexpression rejuvenates aged adipose stem cells and accelerates wound healing,2024
T9512,https://www.ncbi.nlm.nih.gov/pmc/articles/PMC10904445/,"Strong associations of serum selenoprotein P with all-cause mortality and mortality due to cancer, cardiovascular, respiratory and gastrointestinal diseases in older German adults",2024
T1455,https://www.ncbi.nlm.nih.gov/pmc/articles/PMC10905238/,No effect of testosterone or sexual ornamentation on telomere dynamics: A case study and meta‐analyses,2024
T6362,https://www.ncbi.nlm.nih.gov/pmc/articles/PMC10905675/,"INX-315, a Selective CDK2 Inhibitor, Induces Cell Cycle Arrest and Senescence in Solid Tumors",2023
T7305,https://www.ncbi.nlm.nih.gov/pmc/articles/PMC10905749/,Investigating the Potential Impact of Air Pollution on Alzheimer’s Disease and the Utility of Multidimensional Imaging for Early Detection,2024
T7395,https://www.ncbi.nlm.nih.gov/pmc/articles/PMC10906101/,Environmental and Health Impacts of Graphene and Other Two-Dimensional Materials: A Graphene Flagship Perspective,2024
T9826,https://www.ncbi.nlm.nih.gov/pmc/articles/PMC10906346/,Immunosenescence and Inflamm-Aging: Clinical Interventions and the Potential for Reversal of Aging,2024
T0259,https://www.ncbi.nlm.nih.gov/pmc/articles/PMC10907590/,Distinct characteristics of the DNA damage response in mammalian oocytes,2024
T9826,https://www.ncbi.nlm.nih.gov/pmc/articles/PMC10907787/,Use of the traditional Chinese medicine “compound healthy ear agent” to protect against age-related hearing loss in mice: A proteomics study,2024
T7381,https://www.ncbi.nlm.nih.gov/pmc/articles/PMC10907927/,"Educational Mobility, Pace of Aging, and Lifespan Among Participants in the Framingham Heart Study",2024
T1455,https://www.ncbi.nlm.nih.gov/pmc/articles/PMC10908260/,Telomere length and dynamics in Astyanax mexicanus cave and surface morphs,2024
T2620,https://www.ncbi.nlm.nih.gov/pmc/articles/PMC10908642/,Molecular hallmarks of ageing in amyotrophic lateral sclerosis,2024
T6362,https://www.ncbi.nlm.nih.gov/pmc/articles/PMC10909353/,Research and experimental verification on the mechanisms of cellular senescence in triple-negative breast cancer,2024
T6362,https://www.ncbi.nlm.nih.gov/pmc/articles/PMC10909364/,Co-differential genes between DKD and aging: implications for a diagnostic model of DKD,2024
T2849,https://www.ncbi.nlm.nih.gov/pmc/articles/PMC10909732/,Gene Therapy-Mediated Partial Reprogramming Extends Lifespan and Reverses Age-Related Changes in Aged Mice,2024
T0259,https://www.ncbi.nlm.nih.gov/pmc/articles/PMC10910019/,The dark side of stemness – the role of hematopoietic stem cells in development of blood malignancies,2024
T7395,https://www.ncbi.nlm.nih.gov/pmc/articles/PMC10910434/,Self-DNA driven inflammation in COVID-19 and after mRNA-based vaccination: lessons for non-COVID-19 pathologies,2024
T7395,https://www.ncbi.nlm.nih.gov/pmc/articles/PMC10910816/,Advances in secondary prevention mechanisms of macrovascular complications in type 2 diabetes mellitus patients: a comprehensive review,2024
T0259,https://www.ncbi.nlm.nih.gov/pmc/articles/PMC10911340/,Defining the progeria phenome,2024
T0259,https://www.ncbi.nlm.nih.gov/pmc/articles/PMC10911355/,GV1001 reduces neurodegeneration and prolongs lifespan in 3xTg-AD mouse model through anti-aging effects,2024
T6362,https://www.ncbi.nlm.nih.gov/pmc/articles/PMC10911367/,MicroRNA-146a gene transfer ameliorates senescence and senescence-associated secretory phenotypes in tendinopathic tenocytes,2024
T1455,https://www.ncbi.nlm.nih.gov/pmc/articles/PMC10911389/,Disruption of mitochondrial unfolded protein response results in telomere shortening in mouse oocytes and somatic cells,2024
T1455,https://www.ncbi.nlm.nih.gov/pmc/articles/PMC10912812/,Sex and early-life conditions shape telomere dynamics in an ectotherm,2024
T9826,https://www.ncbi.nlm.nih.gov/pmc/articles/PMC10913723/,Enhancing vaccine effectiveness in the elderly to counter antibiotic resistance: The potential of adjuvants via pattern recognition receptors,2024
T6362,https://www.ncbi.nlm.nih.gov/pmc/articles/PMC10914710/,Intervention treatment reducing cellular senescence inhibits tubulointerstitial fibrosis in diabetic mice following acute kidney injury,2024
T1455,https://www.ncbi.nlm.nih.gov/pmc/articles/PMC10914805/,Lack of telomerase reduces cancer incidence and increases lifespan of zebrafish tp53M214K mutants,2024
T2021,https://www.ncbi.nlm.nih.gov/pmc/articles/PMC10915950/,Unlocking the versatile potential: Adipose-derived mesenchymal stem cells in ocular surface reconstruction and oculoplastics,2024
T7305,https://www.ncbi.nlm.nih.gov/pmc/articles/PMC10917309/,ABSTRACTS FOR SYMPOSIA,2024
T0259,https://www.ncbi.nlm.nih.gov/pmc/articles/PMC10917444/,Meeting Summary of The NYO3 5th NO-Age/AD Meeting and the 1st Norway–UK Joint Meeting on Aging and Dementia: Recent Progress on the Mechanisms and Interventional Strategies,2024
T1455,https://www.ncbi.nlm.nih.gov/pmc/articles/PMC10917528/,Shedding Light on the Interaction Between Rif1 and Telomeres in Ovarian Cancer,2024
T6362,https://www.ncbi.nlm.nih.gov/pmc/articles/PMC10917531/,"Aging, Cellular Senescence, and Glaucoma",2024
T2849,https://www.ncbi.nlm.nih.gov/pmc/articles/PMC10917532/,“Post-Protean” Public Health and the Geroscience Hypothesis,2024
T6362,https://www.ncbi.nlm.nih.gov/pmc/articles/PMC10917536/,Underlying Mechanisms and Treatment of Cellular Senescence-Induced Biological Barrier Interruption and Related Diseases,2024
T0259,https://www.ncbi.nlm.nih.gov/pmc/articles/PMC10917541/,Role and Potential Mechanisms of Nicotinamide Mononucleotide in Aging,2024
T0259,https://www.ncbi.nlm.nih.gov/pmc/articles/PMC10917546/,The Role of the Redox Enzyme p66Shc in Biological Aging of the Lung,2024
T9512,https://www.ncbi.nlm.nih.gov/pmc/articles/PMC10917551/,Mitochondria: A Potential Rejuvenation Tool against Aging,2024
T7305,https://www.ncbi.nlm.nih.gov/pmc/articles/PMC10917552/,Altered Osteoblast Metabolism with Aging Results in Lipid Accumulation and Oxidative Stress Mediated Bone Loss,2024
T6362,https://www.ncbi.nlm.nih.gov/pmc/articles/PMC10918962/,Nanoplastics causes heart aging/myocardial cell senescence through the Ca2+/mtDNA/cGAS-STING signaling cascade,2024
T9826,https://www.ncbi.nlm.nih.gov/pmc/articles/PMC10919397/,Progress Note 2024: Curing HIV; Not in My Lifetime or Just Around the Corner?,2024
T7305,https://www.ncbi.nlm.nih.gov/pmc/articles/PMC10919908/,Molecular mechanisms underlying sarcopenia in heart failure,2023
T1455,https://www.ncbi.nlm.nih.gov/pmc/articles/PMC10920217/,Mentha rotundifolia (L.) Huds. and Salvia officinalis L. hydrosols mitigate aging related comorbidities in rats,2024
T7305,https://www.ncbi.nlm.nih.gov/pmc/articles/PMC10920300/,Effects of reactive oxygen species and mitochondrial dysfunction on reproductive aging,2024
T7305,https://www.ncbi.nlm.nih.gov/pmc/articles/PMC10920337/,Mitochondria: the gatekeepers between metabolism and immunity,2024
T0259,https://www.ncbi.nlm.nih.gov/pmc/articles/PMC10921722/,The spectrum of TP53 mutations in Rwandan patients with gastric cancer,2024
T9826,https://www.ncbi.nlm.nih.gov/pmc/articles/PMC10921898/,Regulatory RNAs in immunosenescence,2024
T2021,https://www.ncbi.nlm.nih.gov/pmc/articles/PMC10922004/,Diosgenin alleviates D-galactose-induced oxidative stress in rats’ brain and liver targeting aging and apoptotic marker genes,2024
T6362,https://www.ncbi.nlm.nih.gov/pmc/articles/PMC10922957/,Geroscience and pathology: a new frontier in understanding age-related diseases,2024
T2021,https://www.ncbi.nlm.nih.gov/pmc/articles/PMC10923797/,Novel protective effect of the FOXO3 longevity genotype on mechanisms of cellular aging in Okinawans,2024
T7305,https://www.ncbi.nlm.nih.gov/pmc/articles/PMC10924111/,The cytosolic DNA‐sensing cGAS–STING pathway in neurodegenerative diseases,2024
T9826,https://www.ncbi.nlm.nih.gov/pmc/articles/PMC10924264/,Development of Continuous Assessment of Muscle Quality and Frailty in Older Patients Using Multiparametric Combinations of Ultrasound and Blood Biomarkers: Protocol for the ECOFRAIL Study,2024
T6362,https://www.ncbi.nlm.nih.gov/pmc/articles/PMC10924451/,"Murine Myoblasts Exposed to SYUIQ-5 Acquire Senescence Phenotype and Differentiate into Sarcopenic-Like Myotubes, an In Vitro Study",2024
T2849,https://www.ncbi.nlm.nih.gov/pmc/articles/PMC10925031/,Dietary restriction modulates ultradian rhythms and autocorrelation properties in mice behavior,2024
T7395,https://www.ncbi.nlm.nih.gov/pmc/articles/PMC10925489/,Rheumatoid arthritis: pathogenesis and therapeutic advances,2024
T9826,https://www.ncbi.nlm.nih.gov/pmc/articles/PMC10925677/,The immunobiology of SARS-CoV-2 infection and vaccine responses: potential influences of cross-reactive memory responses and aging on efficacy and off-target effects,2024
T6362,https://www.ncbi.nlm.nih.gov/pmc/articles/PMC10925728/,New directions for Alzheimer's disease research from the Jackson Laboratory Center for Alzheimer's and Dementia Research 2022 workshop,2024
T2620,https://www.ncbi.nlm.nih.gov/pmc/articles/PMC10926672/,"Intrinsic capacity trajectories and socioeconomic inequalities in health: the contributions of wealth, education, gender, and ethnicity",2024
T7305,https://www.ncbi.nlm.nih.gov/pmc/articles/PMC10927507/,Aging and comprehensive molecular profiling in acute myeloid leukemia,2024
T2849,https://www.ncbi.nlm.nih.gov/pmc/articles/PMC10928065/,Forkhead box O proteins: steering the course of stem cell fate,2024
T9826,https://www.ncbi.nlm.nih.gov/pmc/articles/PMC10928197/,"Early-life influenza A (H1N1) infection independently programs brain connectivity, HPA AXIS and tissue-specific gene expression profiles",2024
T7305,https://www.ncbi.nlm.nih.gov/pmc/articles/PMC10928495/,The missing hallmark of health: psychosocial adaptation,2024
T6362,https://www.ncbi.nlm.nih.gov/pmc/articles/PMC10928565/,Lipoteichoic acid restrains macrophage senescence via β‐catenin/FOXO1/REDD1 pathway in age‐related osteoporosis,2023
T6362,https://www.ncbi.nlm.nih.gov/pmc/articles/PMC10928569/,Transcriptional changes are tightly coupled to chromatin reorganization during cellular aging,2023
T6362,https://www.ncbi.nlm.nih.gov/pmc/articles/PMC10928570/,Intermittent supplementation with fisetin improves arterial function in old mice by decreasing cellular senescence,2023
T7381,https://www.ncbi.nlm.nih.gov/pmc/articles/PMC10928575/,Deciphering the role of immune cell composition in epigenetic age acceleration: Insights from cell‐type deconvolution applied to human blood epigenetic clocks,2023
T9512,https://www.ncbi.nlm.nih.gov/pmc/articles/PMC10928581/,SKN‐1/NRF2 upregulation by vitamin A is conserved from nematodes to mammals and is critical for lifespan extension in Caenorhabditis elegans ,2023
T6362,https://www.ncbi.nlm.nih.gov/pmc/articles/PMC10928582/,Single‐cell transcriptome characteristics of testicular terminal epithelium lineages during aging in the Drosophila ,2023
T7305,https://www.ncbi.nlm.nih.gov/pmc/articles/PMC10928583/, MiR‐203 improves cardiac dysfunction by targeting PARP1‐NAD + axis in aging murine,2023
T0259,https://www.ncbi.nlm.nih.gov/pmc/articles/PMC10928588/,Microphysiological systems for human aging research,2024
T6362,https://www.ncbi.nlm.nih.gov/pmc/articles/PMC10929181/,WTAP Mediated N6-methyladenosine RNA Modification of ELF3 Drives Cellular Senescence by Upregulating IRF8,2024
T6362,https://www.ncbi.nlm.nih.gov/pmc/articles/PMC10929570/,Apigenin: a natural molecule at the intersection of sleep and aging,2024
T6362,https://www.ncbi.nlm.nih.gov/pmc/articles/PMC10929829/,"Exploring the effects of Dasatinib, Quercetin, and Fisetin on DNA methylation clocks: a longitudinal study on senolytic interventions",2024
T6362,https://www.ncbi.nlm.nih.gov/pmc/articles/PMC10929841/,Mapping the core senescence phenotype of primary human colon fibroblasts,2024
T7305,https://www.ncbi.nlm.nih.gov/pmc/articles/PMC10930417/,Nobiletin Ameliorates Aging of Chicken Ovarian Prehierarchical Follicles by Suppressing Oxidative Stress and Promoting Autophagy,2024
T2849,https://www.ncbi.nlm.nih.gov/pmc/articles/PMC10930661/,PTH and the Regulation of Mesenchymal Cells within the Bone Marrow Niche,2024
T6004,https://www.ncbi.nlm.nih.gov/pmc/articles/PMC10930712/,"Lipid Peroxidation in Muscle Foods: Impact on Quality, Safety and Human Health",2024
T7305,https://www.ncbi.nlm.nih.gov/pmc/articles/PMC10930781/,Exploring the Prospective Role of Propolis in Modifying Aging Hallmarks,2024
T2021,https://www.ncbi.nlm.nih.gov/pmc/articles/PMC10930946/,Immunity in the Progeroid Model of Cockayne Syndrome: Biomarkers of Pathological Aging,2024
T9826,https://www.ncbi.nlm.nih.gov/pmc/articles/PMC10930978/,Current Insights into Tissue Injury of Giant Cell Arteritis: From Acute Inflammatory Responses towards Inappropriate Tissue Remodeling,2024
T7305,https://www.ncbi.nlm.nih.gov/pmc/articles/PMC10931285/,Role of Inflammatory Mechanisms in Major Depressive Disorder: From Etiology to Potential Pharmacological Targets,2024
T6362,https://www.ncbi.nlm.nih.gov/pmc/articles/PMC10931308/,The Role of Oxidative Stress in Tumorigenesis and Progression,2024
T9826,https://www.ncbi.nlm.nih.gov/pmc/articles/PMC10931424/,Advances and Challenges in Sepsis Management: Modern Tools and Future Directions,2024
T0259,https://www.ncbi.nlm.nih.gov/pmc/articles/PMC10931548/,Pulsed Electromagnetic Fields (PEMFs) Trigger Cell Death and Senescence in Cancer Cells,2024
T0259,https://www.ncbi.nlm.nih.gov/pmc/articles/PMC10931665/,"The Killer’s Web: Interconnection between Inflammation, Epigenetics and Nutrition in Cancer",2024
T0259,https://www.ncbi.nlm.nih.gov/pmc/articles/PMC10931797/,"Glioblastoma Therapy: Past, Present and Future",2024
T6362,https://www.ncbi.nlm.nih.gov/pmc/articles/PMC10931927/,Novel Perspectives in Chronic Kidney Disease-Specific Cardiovascular Disease,2024
T6362,https://www.ncbi.nlm.nih.gov/pmc/articles/PMC10931979/,Beneficial Effects of Small-Molecule Oligopeptides Isolated from Panax Ginseng C. A. Meyer on Cellular Fates in Oxidative Stress-Induced Damaged Human Umbilical Vein Endothelial Cells and PC-12,2024
T7305,https://www.ncbi.nlm.nih.gov/pmc/articles/PMC10932015/,Mitochondria at the Nanoscale: Physics Meets Biology—What Does It Mean for Medicine?,2024
T0259,https://www.ncbi.nlm.nih.gov/pmc/articles/PMC10932106/,Early Pulmonary Fibrosis-like Changes in the Setting of Heat Exposure: DNA Damage and Cell Senescence,2024
T7305,https://www.ncbi.nlm.nih.gov/pmc/articles/PMC10932328/,"Sporadic Inclusion Body Myositis at the Crossroads between Muscle Degeneration, Inflammation, and Aging",2024
T0259,https://www.ncbi.nlm.nih.gov/pmc/articles/PMC10933081/,Premature aging in genetic diseases: what conclusions can be drawn for physiological aging,2024
T7305,https://www.ncbi.nlm.nih.gov/pmc/articles/PMC10933082/,Reactive gliosis in traumatic brain injury: a comprehensive review,2024
T6362,https://www.ncbi.nlm.nih.gov/pmc/articles/PMC10933110/,Mechanisms of endometrial aging: lessons from natural conceptions and assisted reproductive technology cycles,2024
T1455,https://www.ncbi.nlm.nih.gov/pmc/articles/PMC10933469/,mTert induction in p21-positive cells counteracts capillary rarefaction and pulmonary emphysema,2024
T7305,https://www.ncbi.nlm.nih.gov/pmc/articles/PMC10933492/,Neuropathogenesis-on-chips for neurodegenerative diseases,2024
T7395,https://www.ncbi.nlm.nih.gov/pmc/articles/PMC10934134/,Dieta de la Milpa: A Culturally-Concordant Plant-Based Dietary Pattern for Hispanic/Latine People with Chronic Kidney Disease,2024
T9512,https://www.ncbi.nlm.nih.gov/pmc/articles/PMC10934600/,Study on the Mechanism of Lipid Peroxidation Induced by Carbonate Radicals,2024
T0259,https://www.ncbi.nlm.nih.gov/pmc/articles/PMC10934749/,Aging-Induced Reduction in Safflower Seed Germination via Impaired Energy Metabolism and Genetic Integrity Is Partially Restored by Sucrose and DA-6 Treatment,2024
T2849,https://www.ncbi.nlm.nih.gov/pmc/articles/PMC10934765/,"A Narrative Review Exploring the Similarities between Cilento and the Already Defined “Blue Zones” in Terms of Environment, Nutrition, and Lifestyle: Can Cilento Be Considered an Undefined “Blue Zone”?",2024
T6362,https://www.ncbi.nlm.nih.gov/pmc/articles/PMC10935016/,Food to Prevent Vascular Calcification in Chronic Kidney Disease,2024
T6362,https://www.ncbi.nlm.nih.gov/pmc/articles/PMC10935171/,High-Density Lipoprotein Metabolism and Function in Cardiovascular Diseases: What about Aging and Diet Effects?,2024
T7381,https://www.ncbi.nlm.nih.gov/pmc/articles/PMC10935937/,Causal association of obesity with epigenetic aging and telomere length: a bidirectional mendelian randomization study,2024
T7381,https://www.ncbi.nlm.nih.gov/pmc/articles/PMC10936111/,Epigenetic age acceleration and risk of aortic valve stenosis: a bidirectional Mendelian randomization study,2024
T2021,https://www.ncbi.nlm.nih.gov/pmc/articles/PMC10938241/,Dietary pyrroloquinoline quinone hinders aging progression in male mice and D-galactose-induced cells,2024
T7395,https://www.ncbi.nlm.nih.gov/pmc/articles/PMC10938612/,Gut-Derived Peptide Hormone Analogues and Potential Treatment of Bone Disorders in Obesity and Diabetes Mellitus,2024
T9826,https://www.ncbi.nlm.nih.gov/pmc/articles/PMC10939247/,Antimicrobial resistance prevalence in bloodstream infection in 29 European countries by age and sex: An observational study,2024
T6362,https://www.ncbi.nlm.nih.gov/pmc/articles/PMC10940101/,Disassembly of the TRIM56-ATR complex promotes cytoDNA/cGAS/STING axis–dependent intervertebral disc inflammatory degeneration,2024
T7305,https://www.ncbi.nlm.nih.gov/pmc/articles/PMC10940816/,The Bone Marrow Microenvironment in Immune-Mediated Inflammatory Diseases: Implications for Mesenchymal Stromal Cell-Based Therapies,2023
T2620,https://www.ncbi.nlm.nih.gov/pmc/articles/PMC10941172/,Exposure to early-life adversity and long-term trajectories of multimorbidity among older adults in China: analysis of longitudinal data from the China Health and Retirement Longitudinal Study,2024
T9512,https://www.ncbi.nlm.nih.gov/pmc/articles/PMC10941188/,In Vitro and In Vivo Insights into a Broccoli Byproduct as a Healthy Ingredient for the Management of Alzheimer’s Disease and Aging through Redox Biology,2024
T7381,https://www.ncbi.nlm.nih.gov/pmc/articles/PMC10942312/,A Panoramic View of Cell Population Dynamics in Mammalian Aging,2024
T6362,https://www.ncbi.nlm.nih.gov/pmc/articles/PMC10942487/,Endocrine islet β-cell subtypes with differential function are derived from biochemically distinct embryonic endocrine islet progenitors that are regulated by maternal nutrients,2024
T6362,https://www.ncbi.nlm.nih.gov/pmc/articles/PMC10942530/,Associations of Systemic Inflammation and Senescent Cell Biomarkers with Clinical Outcomes in Older Adults with Schizophrenia,2024
T2849,https://www.ncbi.nlm.nih.gov/pmc/articles/PMC10942868/,The Mediterranean-Dietary Approaches to Stop Hypertension Intervention for Neurodegenerative Delay (MIND) Diet for the Aging Brain: A Systematic Review,2024
T6362,https://www.ncbi.nlm.nih.gov/pmc/articles/PMC10943199/,Computational identification of natural senotherapeutic compounds that mimic dasatinib based on gene expression data,2024
T7305,https://www.ncbi.nlm.nih.gov/pmc/articles/PMC10943572/,Neurovascular coupling impairment as a mechanism for cognitive deficits in COVID-19,2024
T9826,https://www.ncbi.nlm.nih.gov/pmc/articles/PMC10943692/,"Level of IL-6, TNF, and IL-1β and age-related diseases: a systematic review and meta-analysis",2024
T1455,https://www.ncbi.nlm.nih.gov/pmc/articles/PMC10943793/,Liver injury in COVID-19: an insight into pathobiology and roles of risk factors,2024
T2620,https://www.ncbi.nlm.nih.gov/pmc/articles/PMC10944269/,Sugar-coated bullets: Unveiling the enigmatic mystery ‘sweet arsenal’ in osteoarthritis,2024
T7381,https://www.ncbi.nlm.nih.gov/pmc/articles/PMC10944877/,Identification of dihydromyricetin as a natural DNA methylation inhibitor with rejuvenating activity in human skin,2024
T0259,https://www.ncbi.nlm.nih.gov/pmc/articles/PMC10944932/,Disrupting the SKN-1 homeostat: mechanistic insights and phenotypic outcomes,2024
T6004,https://www.ncbi.nlm.nih.gov/pmc/articles/PMC10944977/,A view on the skin–bone axis: unraveling similarities and potential of crosstalk,2024
T6362,https://www.ncbi.nlm.nih.gov/pmc/articles/PMC10946153/,YME1L-mediated mitophagy protects renal tubular cells against cellular senescence under diabetic conditions,2024
T0259,https://www.ncbi.nlm.nih.gov/pmc/articles/PMC10948021/,Long interspersed nuclear elements safeguard neural progenitors from precocious differentiation,2024
T7305,https://www.ncbi.nlm.nih.gov/pmc/articles/PMC10948549/,T-cell immunity against senescence: potential role and perspectives,2024
T1455,https://www.ncbi.nlm.nih.gov/pmc/articles/PMC10948832/,Genetically determined telomere length and risk for haematologic diseases: results from large prospective cohorts and Mendelian Randomization analysis,2024
T1455,https://www.ncbi.nlm.nih.gov/pmc/articles/PMC10949071/,Glucocorticoid effects on the brain: from adaptive developmental plasticity to allostatic overload,2024
T9512,https://www.ncbi.nlm.nih.gov/pmc/articles/PMC10949305/,Protective Effect of Panax notoginseng Extract Fermented by Four Different Saccharomyces cerevisiae Strains on H2O2 Induced Oxidative Stress in Skin Fibroblasts,2024
T7305,https://www.ncbi.nlm.nih.gov/pmc/articles/PMC10949535/,Traditional Chinese medicine and its active substances reduce vascular injury in diabetes via regulating autophagic activity,2024
T6362,https://www.ncbi.nlm.nih.gov/pmc/articles/PMC10950625/,Recent advances in age-related metabolic dysfunction-associated steatotic liver disease,2024
T1455,https://www.ncbi.nlm.nih.gov/pmc/articles/PMC10950659/,Mechanism of Bazi Bushen capsule in delaying the senescence of mesenchymal stem cells based on network pharmacology and experimental validation,2024
T6362,https://www.ncbi.nlm.nih.gov/pmc/articles/PMC10950784/,Plasma membrane damage limits replicative lifespan in yeast and induces premature senescence in human fibroblasts,2024
T6362,https://www.ncbi.nlm.nih.gov/pmc/articles/PMC10950785/,Prophylactic and long-lasting efficacy of senolytic CAR T cells against age-related metabolic dysfunction,2024
T2021,https://www.ncbi.nlm.nih.gov/pmc/articles/PMC10950786/,"Age-, sex- and proximal–distal-resolved multi-omics identifies regulators of intestinal aging in non-human primates",2024
T9826,https://www.ncbi.nlm.nih.gov/pmc/articles/PMC10950813/,Senescence: No country for old cells,2023
T6362,https://www.ncbi.nlm.nih.gov/pmc/articles/PMC10950826/,"Inactivation of Ymr1, Sjl2/3 phosphatases promotes stress resistance and longevity in wild type and Ras2G19V yeast",2023
T6362,https://www.ncbi.nlm.nih.gov/pmc/articles/PMC10951459/,Senescence and fibrosis in salivary gland aging and disease,2024
T2021,https://www.ncbi.nlm.nih.gov/pmc/articles/PMC10952042/,Microbiome depletion prior to repeat mild TBI differentially alters social deficits and prefrontal cortex plasticity in adolescent and adult rats,2024
T7305,https://www.ncbi.nlm.nih.gov/pmc/articles/PMC10952105/,Exploring the role of antioxidants in sepsis-associated oxidative stress: a comprehensive review,2024
T6362,https://www.ncbi.nlm.nih.gov/pmc/articles/PMC10952210/,Treatment of idiopathic pulmonary fibrosis and progressive pulmonary fibrosis: A position statement from the Thoracic Society of Australia and New Zealand 2023 revision,2024
T6362,https://www.ncbi.nlm.nih.gov/pmc/articles/PMC10952708/,Targeting accelerated pulmonary ageing to treat chronic obstructive pulmonary disease‐induced neuropathological comorbidities,2023
T6362,https://www.ncbi.nlm.nih.gov/pmc/articles/PMC10953819/,Editorial: Molecular mechanism of ageing and therapeutic advances through targeting glycative and oxidative stress,2024
T5854,https://www.ncbi.nlm.nih.gov/pmc/articles/PMC10954727/,Utilizing epigenetics to study the shared nature of development and biological aging across the lifespan,2024
T6362,https://www.ncbi.nlm.nih.gov/pmc/articles/PMC10954823/,Effects of low-dose rapamycin on lymphoid organs of mice prone and resistant to accelerated senescence,2024
T6362,https://www.ncbi.nlm.nih.gov/pmc/articles/PMC10954848/,Drug-Induced Liver Injury in the Elderly: Consensus Statements and Recommendations from the IQ-DILI Initiative,2024
T1455,https://www.ncbi.nlm.nih.gov/pmc/articles/PMC10955253/,Blastocyst telomere length predicts successful implantation after frozen-thawed embryo transfer,2024
T9826,https://www.ncbi.nlm.nih.gov/pmc/articles/PMC10957128/,"Intestinal Permeability, Gut Inflammation, and Gut Immune System Response Are Linked to Aging-Related Changes in Gut Microbiota Composition: A Study in Female Mice",2024
T9826,https://www.ncbi.nlm.nih.gov/pmc/articles/PMC10957255/,An Aloe-Based Composition Constituting Polysaccharides and Polyphenols Protected Mice against D-Galactose-Induced Immunosenescence,2024
T6362,https://www.ncbi.nlm.nih.gov/pmc/articles/PMC10957554/,Mitigating cellular aging and enhancing cognitive functionality: visual arts-mediated Cognitive Activation Therapy in neurocognitive disorders,2024
T7305,https://www.ncbi.nlm.nih.gov/pmc/articles/PMC10957651/,Mother’s Curse effects on lifespan and aging,2024
T7305,https://www.ncbi.nlm.nih.gov/pmc/articles/PMC10957704/,Regular moderate physical exercise decreases Glycan Age index of biological age and reduces inflammatory potential of Immunoglobulin G,2023
T0259,https://www.ncbi.nlm.nih.gov/pmc/articles/PMC10958678/,Cell fate regulation governed by p53: Friends or reversible foes in cancer therapy,2024
T7305,https://www.ncbi.nlm.nih.gov/pmc/articles/PMC10958864/,Recent advances in the potential effects of natural products from traditional Chinese medicine against respiratory diseases targeting ferroptosis,2024
T5854,https://www.ncbi.nlm.nih.gov/pmc/articles/PMC10959475/,Senescence evolution under the catastrophic accumulation of deleterious mutations,2023
T1455,https://www.ncbi.nlm.nih.gov/pmc/articles/PMC10959535/,Multi-omics characterization of partial chemical reprogramming reveals evidence of cell rejuvenation,2024
T7305,https://www.ncbi.nlm.nih.gov/pmc/articles/PMC10959927/,"Platinum iodido drugs show potential anti-tumor activity, affecting cancer cell metabolism and inducing ROS and senescence in gastrointestinal cancer cells",2024
T1455,https://www.ncbi.nlm.nih.gov/pmc/articles/PMC10961526/,Association of phenotypic frailty and hand grip strength with telomere length in SLE,2024
T6362,https://www.ncbi.nlm.nih.gov/pmc/articles/PMC10962455/,ERS International Congress 2023: highlights from the Airway Diseases Assembly,2024
T6362,https://www.ncbi.nlm.nih.gov/pmc/articles/PMC10962734/,Senolytic CAR T cells reverse aging-associated defects in intestinal regeneration and fitness,2024
T2620,https://www.ncbi.nlm.nih.gov/pmc/articles/PMC10962844/,Neuronal ageing is promoted by the decay of the microtubule cytoskeleton,2024
T7305,https://www.ncbi.nlm.nih.gov/pmc/articles/PMC10963276/,Trigonelline is an NAD+ precursor that improves muscle function during ageing and is reduced in human sarcopenia,2024
T6362,https://www.ncbi.nlm.nih.gov/pmc/articles/PMC10963366/,Kdm6a-CNN1 axis orchestrates epigenetic control of trauma-induced spinal cord microvascular endothelial cell senescence to balance neuroinflammation for improved neurological repair,2024
T7305,https://www.ncbi.nlm.nih.gov/pmc/articles/PMC10963856/,Endogenous sulfur dioxide deficiency as a driver of cardiomyocyte senescence through abolishing sulphenylation of STAT3 at cysteine 259,2024
T7305,https://www.ncbi.nlm.nih.gov/pmc/articles/PMC10964097/,"Antioxidants, Hormetic Nutrition, and Autism",2024
T2849,https://www.ncbi.nlm.nih.gov/pmc/articles/PMC10965464/,An integrative pan-cancer analysis of the molecular characteristics of dietary restriction in tumour microenvironment,2024
T7381,https://www.ncbi.nlm.nih.gov/pmc/articles/PMC10965682/,Better Life’s Essential 8 contributes to slowing the biological aging process: a cross-sectional study based on NHANES 2007–2010 data,2024
T1455,https://www.ncbi.nlm.nih.gov/pmc/articles/PMC10965828/,Redox regulation in lifespan determination,2024
T6362,https://www.ncbi.nlm.nih.gov/pmc/articles/PMC10966107/,Correlation analysis of disulfidptosis-related gene signatures with clinical prognosis and immunotherapy response in sarcoma,2024
T7305,https://www.ncbi.nlm.nih.gov/pmc/articles/PMC10967095/,The association of urinary heavy metal exposure with frailty susceptibility and mortality in middle-aged and older adults: a population-based study,2024
T6362,https://www.ncbi.nlm.nih.gov/pmc/articles/PMC10967345/,Cysteine Is the Only Universally Affected and Disfavored Proteomic Amino Acid under Oxidative Conditions in Animals,2024
T6362,https://www.ncbi.nlm.nih.gov/pmc/articles/PMC10967454/,TRIM28-Mediated Excessive Oxidative Stress Induces Cellular Senescence in Granulosa Cells and Contributes to Premature Ovarian Insufficiency In Vitro and In Vivo,2024
T7305,https://www.ncbi.nlm.nih.gov/pmc/articles/PMC10967531/,Crosstalk between Oxidative Stress and Inflammation Caused by Noise and Air Pollution—Implications for Neurodegenerative Diseases,2024
T2021,https://www.ncbi.nlm.nih.gov/pmc/articles/PMC10967737/,Putative Molecular Mechanisms Underpinning the Inverse Roles of Mitochondrial Respiration and Heme Function in Lung Cancer and Alzheimer’s Disease,2024
T7395,https://www.ncbi.nlm.nih.gov/pmc/articles/PMC10967743/,Transforming Diabetes Care: The Molecular Pathways through Which GLP1-RAs Impact the Kidneys in Diabetic Kidney Disease,2024
T6362,https://www.ncbi.nlm.nih.gov/pmc/articles/PMC10967750/,Senescence Promotes the Recovery of Stemness among Cancer Cells via Reprograming,2024
T6362,https://www.ncbi.nlm.nih.gov/pmc/articles/PMC10967992/,Bioactive Lignan Honokiol Alleviates Ovarian Oxidative Stress in Aging Laying Chickens by Regulating SIRT3/AMPK Pathway,2024
T7305,https://www.ncbi.nlm.nih.gov/pmc/articles/PMC10968023/,Nitrooxidative Stress and Neuroinflammation Caused by Air Pollutants Are Associated with the Biological Markers of Neurodegenerative Diseases,2024
T0259,https://www.ncbi.nlm.nih.gov/pmc/articles/PMC10968030/,Guardians of the Genome: How the Single-Stranded DNA-Binding Proteins RPA and CST Facilitate Telomere Replication,2024
T0259,https://www.ncbi.nlm.nih.gov/pmc/articles/PMC10968119/,Tricarboxylic Acid Cycle Intermediates and Individual Ageing,2024
T6362,https://www.ncbi.nlm.nih.gov/pmc/articles/PMC10968159/,CLCA2: A Potential Guardian against Premature Senescence and Skin Aging,2024
T6362,https://www.ncbi.nlm.nih.gov/pmc/articles/PMC10968226/,TRPV Channels in Osteoarthritis: A Comprehensive Review,2024
T1455,https://www.ncbi.nlm.nih.gov/pmc/articles/PMC10968254/,How Mitochondrial Signaling Games May Shape and Stabilize the Nuclear-Mitochondrial Symbiosis,2024
T6362,https://www.ncbi.nlm.nih.gov/pmc/articles/PMC10968295/,High Glucose Promotes and Aggravates the Senescence and Dysfunction of Vascular Endothelial Cells in Women with Hyperglycemia in Pregnancy,2024
T7305,https://www.ncbi.nlm.nih.gov/pmc/articles/PMC10968586/,Use of Oleuropein and Hydroxytyrosol for Cancer Prevention and Treatment: Considerations about How Bioavailability and Metabolism Impact Their Adoption in Clinical Routine,2024
T9512,https://www.ncbi.nlm.nih.gov/pmc/articles/PMC10968698/,Ningxin-Tongyu-Zishen formula alleviates the senescence of granulosa cells on D-galactose-induced premature ovarian insufficiency mice,2024
T7305,https://www.ncbi.nlm.nih.gov/pmc/articles/PMC10969191/,Mitochondrial Dysfunction: A Key Player in Brain Aging and Diseases,2024
T6362,https://www.ncbi.nlm.nih.gov/pmc/articles/PMC10969307/,Repurposing Drugs for Senotherapeutic Effect: Potential Senomorphic Effects of Female Synthetic Hormones,2024
T0259,https://www.ncbi.nlm.nih.gov/pmc/articles/PMC10969338/,Deciphering Glioblastoma: Fundamental and Novel Insights into the Biology and Therapeutic Strategies of Gliomas,2024
T6362,https://www.ncbi.nlm.nih.gov/pmc/articles/PMC10969416/,The Molecular Mechanisms in Senescent Cells Induced by Natural Aging and Ionizing Radiation,2024
T2021,https://www.ncbi.nlm.nih.gov/pmc/articles/PMC10969769/,Microbial-Based Bioactive Compounds to Alleviate Inflammation in Obesity,2024
T7305,https://www.ncbi.nlm.nih.gov/pmc/articles/PMC10970012/,A Molecular Perspective on HIF-1α and Angiogenic Stimulator Networks and Their Role in Solid Tumors: An Update,2024
T6362,https://www.ncbi.nlm.nih.gov/pmc/articles/PMC10970400/,"Accelerated Aging in Cancer Survivors: Cellular Senescence, Frailty, and Possible Opportunities for Interventions",2024
T0259,https://www.ncbi.nlm.nih.gov/pmc/articles/PMC10970550/,Spotlight on G-Quadruplexes: From Structure and Modulation to Physiological and Pathological Roles,2024
T7305,https://www.ncbi.nlm.nih.gov/pmc/articles/PMC10970650/,Dermatologic Manifestations of Mitochondrial Dysfunction: A Review of the Literature,2024
T2021,https://www.ncbi.nlm.nih.gov/pmc/articles/PMC10970655/,Age-Related Changes in Clinical and Analytical Variables in Chronic Hemodialyzed Patients,2024
T9826,https://www.ncbi.nlm.nih.gov/pmc/articles/PMC10970700/,Navigating the Nexus: HIV and Breast Cancer—A Critical Review,2024
T2021,https://www.ncbi.nlm.nih.gov/pmc/articles/PMC10970750/,The Psychology of Atopic Dermatitis,2024
T2849,https://www.ncbi.nlm.nih.gov/pmc/articles/PMC10970926/,Unlocking the Power: New Insights into the Anti-Aging Properties of Mushrooms,2024
T2849,https://www.ncbi.nlm.nih.gov/pmc/articles/PMC10970995/,Personalizing Nutrition Strategies: Bridging Research and Public Health,2024
T6362,https://www.ncbi.nlm.nih.gov/pmc/articles/PMC10971152/,Unraveling the Impact of Dab1 Gene Silencing on the Expression of Autophagy Markers in Lung Development,2024
T6362,https://www.ncbi.nlm.nih.gov/pmc/articles/PMC10971185/,Electrophilic Compounds in the Human Diet and Their Role in the Induction of the Transcription Factor NRF2,2024
T6362,https://www.ncbi.nlm.nih.gov/pmc/articles/PMC10971224/,"Insomnia in Forensic Detainees: Is Salience Network the Common Pathway for Sleep, Neuropsychiatric, and Neurodegenerative Disorders?",2024
T6362,https://www.ncbi.nlm.nih.gov/pmc/articles/PMC10971253/,Cell Immortality: In Vitro Effective Techniques to Achieve and Investigate Its Applications and Challenges,2024
T0259,https://www.ncbi.nlm.nih.gov/pmc/articles/PMC10971595/,Antitumor Mechanisms of Lycium barbarum Fruit: An Overview of In Vitro and In Vivo Potential,2024
T7395,https://www.ncbi.nlm.nih.gov/pmc/articles/PMC10971924/,Options for Topical Treatment of Oxidative Eye Diseases with a Special Focus on Retinopathies,2024
T6362,https://www.ncbi.nlm.nih.gov/pmc/articles/PMC10972372/,Induction of Autophagy by Extract from Corydalis heterocarpa for Skin Anti-Aging,2024
T6362,https://www.ncbi.nlm.nih.gov/pmc/articles/PMC10975112/,Apoptosis in glaucoma: A new direction for the treatment of glaucoma (Review),2024
T0259,https://www.ncbi.nlm.nih.gov/pmc/articles/PMC10975458/,Targeting the Hallmarks of Aging with Vitamin D: Starting to Decode the Myth,2024
T2620,https://www.ncbi.nlm.nih.gov/pmc/articles/PMC10976221/,Impact of Heavy Metal Pollution in the Environment on the Metabolic Profile of Medicinal Plants and Their Therapeutic Potential,2024
T2021,https://www.ncbi.nlm.nih.gov/pmc/articles/PMC10977405/,Do Bacterial Outer Membrane Vesicles Contribute to Chronic Inflammation in Parkinson’s Disease?,2024
T9826,https://www.ncbi.nlm.nih.gov/pmc/articles/PMC10978671/,ARDS and aging: TYMS emerges as a promising biomarker and therapeutic target,2024
T9826,https://www.ncbi.nlm.nih.gov/pmc/articles/PMC10978763/,Polyphenols: immunonutrients tipping the balance of immunometabolism in chronic diseases,2024
T1455,https://www.ncbi.nlm.nih.gov/pmc/articles/PMC10979338/,The Potential of Exercise on Lifestyle and Skin Function: Narrative Review,2024
T7395,https://www.ncbi.nlm.nih.gov/pmc/articles/PMC10979411/,The Chemical Reactivity of Membrane Lipids,2024
T9826,https://www.ncbi.nlm.nih.gov/pmc/articles/PMC10979879/,Social ageing can protect against infectious disease in a group-living primate,2024
T7381,https://www.ncbi.nlm.nih.gov/pmc/articles/PMC10979995/,What makes clocks tick? Characterizing developmental dynamics of adult epigenetic clock sites,2024
T9826,https://www.ncbi.nlm.nih.gov/pmc/articles/PMC10980291/,Sex and Gender in Ageing and Longevity: Highlights From an International Course,2024
T5125,https://www.ncbi.nlm.nih.gov/pmc/articles/PMC10980723/,Immunosenescence and vaccine efficacy revealed by immunometabolic analysis of SARS-CoV-2-specific cells in multiple sclerosis patients,2024
T0651,https://www.ncbi.nlm.nih.gov/pmc/articles/PMC10981320/,Hypoxia inducible factor-1α regulates microglial innate immune memory and the pathology of Parkinson’s disease,2024
T9512,https://www.ncbi.nlm.nih.gov/pmc/articles/PMC10981335/,Neuromodulation by nanozymes and ultrasound during Alzheimer’s disease management,2024
T1424,https://www.ncbi.nlm.nih.gov/pmc/articles/PMC10981360/,Persistent epigenetic signals propel a senescence-associated secretory phenotype and trained innate immunity in CD34+ hematopoietic stem cells from diabetic patients,2024
T4829,https://www.ncbi.nlm.nih.gov/pmc/articles/PMC10981415/,Interwoven processes in fish development: microbial community succession and immune maturation,2024
T9512,https://www.ncbi.nlm.nih.gov/pmc/articles/PMC10981432/,The Role and Mechanism of Nicotinamide Riboside in Oxidative Damage and a Fibrosis Model of Trabecular Meshwork Cells,2024
T9512,https://www.ncbi.nlm.nih.gov/pmc/articles/PMC10981444/,Ayurvedic Herbal Medicines: A Literature Review of Their Applications in Female Reproductive Health,2024
T1507,https://www.ncbi.nlm.nih.gov/pmc/articles/PMC10981665/,5-Methylcytosine immunohistochemistry for predicting cutaneous melanoma prognosis,2024
T1507,https://www.ncbi.nlm.nih.gov/pmc/articles/PMC10981700/,"Paternal DDT exposure induces sex-specific programming of fetal growth, placenta development and offspring’s health phenotypes in a mouse model",2024
T1424,https://www.ncbi.nlm.nih.gov/pmc/articles/PMC10981749/,Mitochondrial injury induced by a Salmonella genotoxin triggers the proinflammatory senescence-associated secretory phenotype,2024
T2849,https://www.ncbi.nlm.nih.gov/pmc/articles/PMC10981755/,Untargeted metabolomics-based network pharmacology reveals fermented brown rice towards anti-obesity efficacy,2024
T9996,https://www.ncbi.nlm.nih.gov/pmc/articles/PMC10982106/,Regulation and function of transposable elements in cancer genomes,2024
T4829,https://www.ncbi.nlm.nih.gov/pmc/articles/PMC10982215/,Dietary Influences on Skin Health in Common Dermatological Disorders,2024
T3497,https://www.ncbi.nlm.nih.gov/pmc/articles/PMC10982327/,Molecular pathways in experimental glaucoma models,2024
T0697,https://www.ncbi.nlm.nih.gov/pmc/articles/PMC10982364/,History and future perspectives of adipose tissue macrophage biology,2024
T3497,https://www.ncbi.nlm.nih.gov/pmc/articles/PMC10982390/,Cancer-associated fibroblasts: protagonists of the tumor microenvironment in gastric cancer,2024
T4829,https://www.ncbi.nlm.nih.gov/pmc/articles/PMC10982508/,Association between gut microbiota and pan-dermatological diseases: a bidirectional Mendelian randomization research,2024
T0651,https://www.ncbi.nlm.nih.gov/pmc/articles/PMC10982694/,Psat1-generated α-ketoglutarate and glutamine promote muscle stem cell activation and regeneration,2024
T1424,https://www.ncbi.nlm.nih.gov/pmc/articles/PMC10982943/,Carbon-Coated Iron Oxide Nanoparticles Promote Reductive Stress-Mediated Cytotoxic Autophagy in Drug-Induced Senescent Breast Cancer Cells,2024
T9512,https://www.ncbi.nlm.nih.gov/pmc/articles/PMC10983636/,A randomized feasibility trial of medium chain triglyceride-supplemented ketogenic diet in people with Parkinson's disease,2024
T3497,https://www.ncbi.nlm.nih.gov/pmc/articles/PMC10983666/,Collision of herbal medicine and nanotechnology: a bibliometric analysis of herbal nanoparticles from 2004 to 2023,2024
T1424,https://www.ncbi.nlm.nih.gov/pmc/articles/PMC10983694/,The senescence journey in cancer immunoediting,2024
T4829,https://www.ncbi.nlm.nih.gov/pmc/articles/PMC10983749/,The endotoxin hypothesis of Alzheimer’s disease,2024
T8390,https://www.ncbi.nlm.nih.gov/pmc/articles/PMC10983920/,Transcriptional Determinism and Stochasticity Contribute to the Complexity of Autism Associated SHANK Family Genes,2024
T4829,https://www.ncbi.nlm.nih.gov/pmc/articles/PMC10983923/,Medication Use is Associated with Distinct Microbial Features in Anxiety and Depression,2024
T9996,https://www.ncbi.nlm.nih.gov/pmc/articles/PMC10983939/,Single-cell genomics and regulatory networks for 388 human brains,2024
T9512,https://www.ncbi.nlm.nih.gov/pmc/articles/PMC10984106/,Epigallocatechin‐3‐gallate improves the quality of maternally aged oocytes,2023
T3497,https://www.ncbi.nlm.nih.gov/pmc/articles/PMC10984109/,Umbilical cord‐derived mesenchymal stem cell secretome promotes skin regeneration and rejuvenation: From mechanism to therapeutics,2023
T4829,https://www.ncbi.nlm.nih.gov/pmc/articles/PMC10984123/,"Integrated analysis of gut metabolome, microbiome, and brain function reveal the role of gut-brain axis in longevity",2024
T3497,https://www.ncbi.nlm.nih.gov/pmc/articles/PMC10984200/,The Potential of Exosomes for Osteoporosis Treatment: A Review,2024
T4880,https://www.ncbi.nlm.nih.gov/pmc/articles/PMC10984451/,Periodontitis and brain magnetic resonance imaging markers of Alzheimer's disease and cognitive aging,2024
T0651,https://www.ncbi.nlm.nih.gov/pmc/articles/PMC10984508/,Early‐life stress and amyloidosis in mice share pathogenic pathways involving synaptic mitochondria and lipid metabolism,2023
T1424,https://www.ncbi.nlm.nih.gov/pmc/articles/PMC10984800/,Aging and the Emerging Role of Cellular Senescence in Osteoarthritis,2023
T9512,https://www.ncbi.nlm.nih.gov/pmc/articles/PMC10984855/,8-Oxoguanine DNA glycosylase protects cells from senescence via the p53-p21 pathway: OGG1 inhibits cell senescence through p53-p21 pathway,2024
T9512,https://www.ncbi.nlm.nih.gov/pmc/articles/PMC10984869/,Ferroptosis: a potential target for the treatment of atherosclerosis: Ferroptosis and atherosclerosis,2024
T1424,https://www.ncbi.nlm.nih.gov/pmc/articles/PMC10984889/,Rapamycin Inhibits Senescence and Improves Immunomodulatory Function of Mesenchymal Stem Cells Through IL-8 and TGF-β Signaling,2024
T2620,https://www.ncbi.nlm.nih.gov/pmc/articles/PMC10984891/,Does presbygeusia really exist? An updated narrative review,2024
T0697,https://www.ncbi.nlm.nih.gov/pmc/articles/PMC10984895/,Hematopoiesis Revolves Around the Primordial Evolutional Rhythm of Purinergic Signaling and Innate Immunity – A Journey to the Developmental Roots,2024
T1424,https://www.ncbi.nlm.nih.gov/pmc/articles/PMC10985037/,Macrophage senescence in health and diseases,2024
T3497,https://www.ncbi.nlm.nih.gov/pmc/articles/PMC10985084/,Intestinal stem cells: guardians of homeostasis in health and aging amid environmental challenges,2024
T0651,https://www.ncbi.nlm.nih.gov/pmc/articles/PMC10985099/,Mechanical overload-induced release of extracellular mitochondrial particles from tendon cells leads to inflammation in tendinopathy,2024
T2936,https://www.ncbi.nlm.nih.gov/pmc/articles/PMC10985132/,Harnessing and delivering microbial metabolites as therapeutics via advanced pharmaceutical approaches,2024
T9512,https://www.ncbi.nlm.nih.gov/pmc/articles/PMC10985148/,Exploring the role of exosomal MicroRNAs as potential biomarkers in preeclampsia,2024
T9996,https://www.ncbi.nlm.nih.gov/pmc/articles/PMC10985356/,"Serum NFL and tau, but not serum UCHL-1 and GFAP or CSF SNAP-25, NPTX2, or sTREM2, correlate with delirium in a 3-year retrospective analysis",2024
T9580,https://www.ncbi.nlm.nih.gov/pmc/articles/PMC10985778/,Gut microbes as medical signature for the effectiveness of immunotherapy in patients with advanced non‐small cell lung cancer,2024
T0651,https://www.ncbi.nlm.nih.gov/pmc/articles/PMC10985887/,Leveraging new methods for comprehensive characterization of mitochondrial DNA in esophageal squamous cell carcinoma,2024
T0259,https://www.ncbi.nlm.nih.gov/pmc/articles/PMC10985907/,Conserved methylation signatures associate with the tumor immune microenvironment and immunotherapy response,2024
T1424,https://www.ncbi.nlm.nih.gov/pmc/articles/PMC10985909/,NR2F2 alleviates pulmonary fibrosis by inhibition of epithelial cell senescence,2024
T8390,https://www.ncbi.nlm.nih.gov/pmc/articles/PMC10986132/,JAK/STAT mediated insulin resistance in muscles is essential for effective immune response,2024
T2620,https://www.ncbi.nlm.nih.gov/pmc/articles/PMC10986407/,"The Emerging Roles of Nanocarrier Drug Delivery System in Treatment of Intervertebral Disc Degeneration-Current Knowledge, Hot Spots, Challenges and Future Perspectives",2024
T4880,https://www.ncbi.nlm.nih.gov/pmc/articles/PMC10987057/,Intricate subcellular journey of nanoparticles to the enigmatic domains of endoplasmic reticulum,2023
T5430,https://www.ncbi.nlm.nih.gov/pmc/articles/PMC10987235/,No correlative evidence of costs of infection or immunity on leucocyte telomere length in a wild population of Soay sheep,2024
T0651,https://www.ncbi.nlm.nih.gov/pmc/articles/PMC10987323/,Mitochondrial electron transport chain in macrophage reprogramming: Potential role in antibacterial immune response,2024
T0486,https://www.ncbi.nlm.nih.gov/pmc/articles/PMC10987525/,Chronic phase advances reduces recognition memory and increases vascular cognitive dementia-like impairments in aged mice,2024
T0697,https://www.ncbi.nlm.nih.gov/pmc/articles/PMC10987527/,Feeding Drosophila gut microbiomes from young and old flies modifies the microbiome,2024
T0651,https://www.ncbi.nlm.nih.gov/pmc/articles/PMC10987578/,Involution of brown adipose tissue through a Syntaxin 4 dependent pyroptosis pathway,2024
T4829,https://www.ncbi.nlm.nih.gov/pmc/articles/PMC10987824/,Symbiotic combination of Akkermansia muciniphila and inosine alleviates alcohol-induced liver injury by modulating gut dysbiosis and immune responses,2024
T5430,https://www.ncbi.nlm.nih.gov/pmc/articles/PMC10987988/,Pleiotropic effects of melanin pigmentation: haemoparasite infection intensity but not telomere length is associated with plumage morph in black sparrowhawks,2024
T1507,https://www.ncbi.nlm.nih.gov/pmc/articles/PMC10988127/,Biomarker potential of competing endogenous RNA networks in Polycystic Ovary Syndrome (PCOS),2024
T9512,https://www.ncbi.nlm.nih.gov/pmc/articles/PMC10988723/,Targeted genetic therapies for inherited disorders that affect both cardiac and skeletal muscle,2023
T4829,https://www.ncbi.nlm.nih.gov/pmc/articles/PMC10988741/,Overview of popular cosmeceuticals in dermatology,2024
T0697,https://www.ncbi.nlm.nih.gov/pmc/articles/PMC10988820/,Association of healthy eating index (2015) with depression and anxiety symptoms among Iranian adolescent girls,2024
T1424,https://www.ncbi.nlm.nih.gov/pmc/articles/PMC10988825/,Tobacco smoke condensate-induced senescence in endothelial cells was ameliorated by colchicine treatment via suppression of NF-κB and MAPKs P38 and ERK pathways activation,2024
T0697,https://www.ncbi.nlm.nih.gov/pmc/articles/PMC10988886/,Human in vivo evidence of associations between herpes simplex virus and cerebral amyloid-beta load in normal aging,2024
T9512,https://www.ncbi.nlm.nih.gov/pmc/articles/PMC10989221/,Mechanistic insights into fasting-induced autophagy in the aging heart,2024
T0651,https://www.ncbi.nlm.nih.gov/pmc/articles/PMC10989671/,Biomaterial design for regenerating aged bone: materiobiological advances and paradigmatic shifts,2024
T4880,https://www.ncbi.nlm.nih.gov/pmc/articles/PMC10989710/,The multifaceted benefits of passive heat therapies for extending the healthspan: A comprehensive review with a focus on Finnish sauna,2024
T4829,https://www.ncbi.nlm.nih.gov/pmc/articles/PMC10989759/,Conference report: CHINAGUT 2023,2023
T1507,https://www.ncbi.nlm.nih.gov/pmc/articles/PMC10989886/,Lysine-36 of Drosophila histone H3.3 supports adult longevity,2024
T1507,https://www.ncbi.nlm.nih.gov/pmc/articles/PMC10990112/,Speeding Up Time: New Urinary Peptide Clock Associates Greater Air Pollution Exposures with Faster Biological Aging,2024
T4880,https://www.ncbi.nlm.nih.gov/pmc/articles/PMC10990273/,A diet of oxidative stress–adapted bacteria improves stress resistance and lifespan in C. elegans via p38-MAPK,2024
T7379,https://www.ncbi.nlm.nih.gov/pmc/articles/PMC10990488/,A concerted increase in readthrough and intron retention drives transposon expression during aging and senescence,2024
T7379,https://www.ncbi.nlm.nih.gov/pmc/articles/PMC10990714/,A personalized medicine approach identifies enasidenib as an efficient treatment for IDH2 mutant chondrosarcoma,2024
T9512,https://www.ncbi.nlm.nih.gov/pmc/articles/PMC10990929/,Mitochondrial complex I activity in microglia sustains neuroinflammation,2024
T5029,https://www.ncbi.nlm.nih.gov/pmc/articles/PMC10991736/,Gastric cancer with brain metastasis: from molecular characteristics and treatment,2024
T9512,https://www.ncbi.nlm.nih.gov/pmc/articles/PMC10991808/,The role of neurovascular coupling dysfunction in cognitive decline of diabetes patients,2024
T1746,https://www.ncbi.nlm.nih.gov/pmc/articles/PMC10991821/,Joint-tissue integrative analysis identifies high-risk genes for Parkinson’s disease,2024
T1424,https://www.ncbi.nlm.nih.gov/pmc/articles/PMC10991850/, Lycium barbarum polysaccharide reverses drug resistance in oxaliplatin-resistant colon cancer cells by inhibiting PI3K/AKT-dependent phosphomannose isomerase,2024
T1424,https://www.ncbi.nlm.nih.gov/pmc/articles/PMC10992479/," PGC‐1α regulates the interplay between oxidative stress, senescence and autophagy in the ageing retina important in age‐related macular degeneration",2024
T1507,https://www.ncbi.nlm.nih.gov/pmc/articles/PMC10993311/,Integrative network analysis of differentially methylated regions to study the impact of gestational weight gain on maternal metabolism and fetal-neonatal growth,2024
T9512,https://www.ncbi.nlm.nih.gov/pmc/articles/PMC10993402/,FSHing for DNA Damage: Key Features of MutY Detection of 8-Oxoguanine:Adenine Mismatches,2024
T5430,https://www.ncbi.nlm.nih.gov/pmc/articles/PMC10993422/,Structural Motifs at the Telomeres and Their Role in Regulatory Pathways,2024
T8390,https://www.ncbi.nlm.nih.gov/pmc/articles/PMC10993488/,Evaluating the effect of rapamycin treatment in Alzheimer’s disease and aging using in vivo imaging: the ERAP phase IIa clinical study protocol,2024
T3497,https://www.ncbi.nlm.nih.gov/pmc/articles/PMC10993572/,Therapy-induced senescent tumor cell-derived extracellular vesicles promote colorectal cancer progression through SERPINE1-mediated NF-κB p65 nuclear translocation,2024
T0651,https://www.ncbi.nlm.nih.gov/pmc/articles/PMC10993697/,Astrocyte expression of aging-associated markers positively correlates with neurodegeneration in the frontal lobe of the rhesus macaque brain,2024
T1507,https://www.ncbi.nlm.nih.gov/pmc/articles/PMC10994062/,Pan-vascular disease: what we have done in the past and what we can do in the future?,2024
T4880,https://www.ncbi.nlm.nih.gov/pmc/articles/PMC10994141/,Direct neuronal reprogramming of NDUFS4 patient cells identifies the unfolded protein response as a novel general reprogramming hurdle,2024
T7379,https://www.ncbi.nlm.nih.gov/pmc/articles/PMC10994290/,Patient-Reported Outcomes of Accelerated Aging: A Novel Approach to Investigate Second Cancer Risk in Adolescent and Young Adult (18−39 Years) Cancer Survivors,2023
T9545,https://www.ncbi.nlm.nih.gov/pmc/articles/PMC10994483/,2023 International Conference on Mental Health and Behavioral Medicine (MHBM2023),2024
T9580,https://www.ncbi.nlm.nih.gov/pmc/articles/PMC10994539/,The immunobiology of herpes simplex virus encephalitis and post-viral autoimmunity,2023
T0651,https://www.ncbi.nlm.nih.gov/pmc/articles/PMC10994660/,Context-dependent modification of PFKFB3 in hematopoietic stem cells promotes anaerobic glycolysis and ensures stress hematopoiesis,2024
T9545,https://www.ncbi.nlm.nih.gov/pmc/articles/PMC10994774/,Evaluating the Adaptive Fitness of Circadian Clocks and their Evolution,2024
T4829,https://www.ncbi.nlm.nih.gov/pmc/articles/PMC10994979/,Immunologic aspects of preeclampsia,2024
T0697,https://www.ncbi.nlm.nih.gov/pmc/articles/PMC10995210/,Using single-sample networks to identify the contrasting patterns of gene interactions and reveal the radiation dose-dependent effects in multiple tissues of spaceflight mice,2024
T8390,https://www.ncbi.nlm.nih.gov/pmc/articles/PMC10995260/,"The burden of frailty in heart failure: Prevalence, impacts on clinical outcomes and the role of heart failure medications",2024
T0697,https://www.ncbi.nlm.nih.gov/pmc/articles/PMC10995279/,Control of muscle satellite cell function by specific exercise‐induced cytokines and their applications in muscle maintenance,2024
T1507,https://www.ncbi.nlm.nih.gov/pmc/articles/PMC10995298/,The interplay of maternal and offspring obesogenic diets: the impact on offspring metabolism and muscle mitochondria in an outbred mouse model,2024
T9512,https://www.ncbi.nlm.nih.gov/pmc/articles/PMC10995318/,"A computational model of Alzheimer's disease at the nano, micro, and macroscales",2024
T7379,https://www.ncbi.nlm.nih.gov/pmc/articles/PMC10995328/,Translating genetic findings to epigenetics: identifying the mechanisms associated with aging after high-radiation exposure on earth and in space,2024
T4829,https://www.ncbi.nlm.nih.gov/pmc/articles/PMC10995354/,Research trends on the gut microbiota in endocrine metabolism: a thematic and bibliometric analysis,2024
T9512,https://www.ncbi.nlm.nih.gov/pmc/articles/PMC10995365/,Effects and potential mechanisms of exercise and physical activity on eye health and ocular diseases,2024
T8390,https://www.ncbi.nlm.nih.gov/pmc/articles/PMC10995378/,Meal timing and its role in obesity and associated diseases,2024
T9512,https://www.ncbi.nlm.nih.gov/pmc/articles/PMC10995770/,"Review on anti-alzheimer drug development: approaches, challenges and perspectives",2024
T4829,https://www.ncbi.nlm.nih.gov/pmc/articles/PMC10995916/,A gut (microbiome) feeling about addiction: Interactions with stress and social systems,2024
T9512,https://www.ncbi.nlm.nih.gov/pmc/articles/PMC10996151/,Association between symptoms of depression and inflammatory parameters in people aged over 90 years,2024
T1507,https://www.ncbi.nlm.nih.gov/pmc/articles/PMC10996305/,Bi-directional neuro-immune dysfunction after chronic experimental brain injury,2024
T1507,https://www.ncbi.nlm.nih.gov/pmc/articles/PMC10996477/,A torpor-like state (TLS) in mice slows blood epigenetic aging and prolongs healthspan,2024
T9512,https://www.ncbi.nlm.nih.gov/pmc/articles/PMC10996551/,MANIPULATING MITOCHONDRIAL REACTIVE OXYGEN SPECIES ALTERS SURVIVAL IN UNEXPECTED WAYS IN A DROSOPHILA MODEL OF NEURODEGENERATION,2024
T8390,https://www.ncbi.nlm.nih.gov/pmc/articles/PMC10996586/,Thermotherapy has Sexually Dimorphic Responses in APP/PS1 Mice,2024
T9512,https://www.ncbi.nlm.nih.gov/pmc/articles/PMC10996778/,Ultra-fast genetically encoded sensor for precise real-time monitoring of physiological and pathophysiological peroxide dynamics,2024
T2849,https://www.ncbi.nlm.nih.gov/pmc/articles/PMC10996798/,DAF-16/FOXO and HLH-30/TFEB comprise a cooperative regulatory axis controlling tubular lysosome induction in C. elegans,2024
T0651,https://www.ncbi.nlm.nih.gov/pmc/articles/PMC10996942/,"Assessment of Time Lag Between Blood Flow, Retinal Nerve Fiber Layer Thickness and Visual Field Sensitivity Changes in Glaucoma",2024
T4829,https://www.ncbi.nlm.nih.gov/pmc/articles/PMC10997306/,Six decades of longitudinal health knowledge production: a systematic review on Nordic birth cohort studies,2023
T3497,https://www.ncbi.nlm.nih.gov/pmc/articles/PMC10997488/,Altered Metabolism and Inflammation Driven by Post-translational Modifications in Intervertebral Disc Degeneration,2024
T9996,https://www.ncbi.nlm.nih.gov/pmc/articles/PMC10997512/,State-transition modeling of blood transcriptome predicts disease evolution and treatment response in chronic myeloid leukemia,2024
T1424,https://www.ncbi.nlm.nih.gov/pmc/articles/PMC10997759/,Elevated glucocorticoid alters the developmental dynamics of hypothalamic neurogenesis in zebrafish,2024
T1424,https://www.ncbi.nlm.nih.gov/pmc/articles/PMC10997778/,Senescent-like macrophages mediate angiogenesis for endplate sclerosis via IL-10 secretion in male mice,2024
T1424,https://www.ncbi.nlm.nih.gov/pmc/articles/PMC10997816/,Apoptotic vesicles are required to repair DNA damage and suppress premature cellular senescence,2024
T4829,https://www.ncbi.nlm.nih.gov/pmc/articles/PMC10998096/,Advancements in research on the effects of panax notoginseng saponin constituents in ameliorating learning and memory disorders,2024
T4880,https://www.ncbi.nlm.nih.gov/pmc/articles/PMC10998430/,Cellular and molecular mechanisms of aspartoacylase and its role in Canavan disease,2024
T4880,https://www.ncbi.nlm.nih.gov/pmc/articles/PMC10998562/,Elimination of virus-like particles reduces protein aggregation and extends replicative lifespan in Saccharomyces cerevisiae,2024
T5430,https://www.ncbi.nlm.nih.gov/pmc/articles/PMC10998769/,"Linking telomere dynamics to evolution, life history and environmental change: perspectives, predictions and problems",2024
T5430,https://www.ncbi.nlm.nih.gov/pmc/articles/PMC10998800/,Telomere shortening induces aging-associated phenotypes in hiPSC-derived neurons and astrocytes,2023
T5430,https://www.ncbi.nlm.nih.gov/pmc/articles/PMC10998805/,Telomeres and aging: on and off the planet!,2024
T5430,https://www.ncbi.nlm.nih.gov/pmc/articles/PMC10998809/,A CRISPR base editing approach for the functional assessment of telomere biology disorder-related genes in human health and aging,2024
T4829,https://www.ncbi.nlm.nih.gov/pmc/articles/PMC10998920/,The secreted protein Amuc_1409 from Akkermansia muciniphila improves gut health through intestinal stem cell regulation,2024
T4829,https://www.ncbi.nlm.nih.gov/pmc/articles/PMC10999153/,"Atherosclerosis, gut microbiome, and exercise in a meta-omics perspective: a literature review",2024
T5125,https://www.ncbi.nlm.nih.gov/pmc/articles/PMC10999318/,"Vaccines in cardiology, an underutilized strategy to reduce the residual cardiovascular risk",2024
T1507,https://www.ncbi.nlm.nih.gov/pmc/articles/PMC10999406/,Chromatin modifiers in human disease: from functional roles to regulatory mechanisms,2024
T0259,https://www.ncbi.nlm.nih.gov/pmc/articles/PMC10999493/,Advanced approaches of the use of circRNAs as a replacement for cancer therapy,2024
T0651,https://www.ncbi.nlm.nih.gov/pmc/articles/PMC10999529/,Endurance exercise has a negative impact on the onset of SOD1-G93A ALS in female mice and affects the entire skeletal muscle-motor neuron axis,2024
T0259,https://www.ncbi.nlm.nih.gov/pmc/articles/PMC10999533/,Unveiling the immunosuppressive landscape of pancreatic ductal adenocarcinoma: implications for innovative immunotherapy strategies,2024
T9512,https://www.ncbi.nlm.nih.gov/pmc/articles/PMC10999736/,Recent Advancements and Unexplored Biomedical Applications of Green Synthesized Ag and Au Nanoparticles: A Review,2024
T0697,https://www.ncbi.nlm.nih.gov/pmc/articles/PMC11000019/,Employee Dietary Initiative Improved Chronic Symptoms,2024
T9512,https://www.ncbi.nlm.nih.gov/pmc/articles/PMC11000084/,Overview of the immunological mechanisms in hepatitis B virus reactivation: Implications for disease progression and management strategies,2024
T5029,https://www.ncbi.nlm.nih.gov/pmc/articles/PMC11000120/,Semiconducting polymer dots for multifunctional integrated nanomedicine carriers,2024
T5125,https://www.ncbi.nlm.nih.gov/pmc/articles/PMC11000233/,Aging-related biomarker discovery in the era of immune checkpoint inhibitors for cancer patients,2024
T1424,https://www.ncbi.nlm.nih.gov/pmc/articles/PMC11000412/,The protein composition of exosomes released by prostate cancer cells is distinctly regulated by androgen receptor-antagonists and -agonist to stimulate growth of target cells,2024
T9512,https://www.ncbi.nlm.nih.gov/pmc/articles/PMC11000738/,"Macrophage Ontogeny, Phenotype, and Function in Ischemia Reperfusion-Induced Injury and Repair",2024
T4829,https://www.ncbi.nlm.nih.gov/pmc/articles/PMC11000815/,Management strategies following implantation failure of euploid embryos,2024
T0259,https://www.ncbi.nlm.nih.gov/pmc/articles/PMC11001198/,Age-related changes after intracerebral hemorrhage: a comparative proteomics analysis of perihematomal tissue,2024
T5029,https://www.ncbi.nlm.nih.gov/pmc/articles/PMC11001349/,Astragalus polysaccharide promotes autophagy and alleviates diabetic nephropathy by targeting the lncRNA Gm41268/PRLR pathway,2023
T5430,https://www.ncbi.nlm.nih.gov/pmc/articles/PMC11001534/,Cumulative stress across the lifecourse and biological aging in adulthood,2024
T0651,https://www.ncbi.nlm.nih.gov/pmc/articles/PMC11001582/,PolyGR and polyPR knock-in mice reveal a conserved neuroprotective extracellular matrix signature in C9orf72 ALS/FTD neurons,2024
T7379,https://www.ncbi.nlm.nih.gov/pmc/articles/PMC11001593/,Drug resistance mechanisms in cancers: Execution of pro-survival strategies,2024
T3891,https://www.ncbi.nlm.nih.gov/pmc/articles/PMC11001898/,A single-cell atlas of lung homeostasis reveals dynamic changes during development and aging,2024
T4829,https://www.ncbi.nlm.nih.gov/pmc/articles/PMC11001937/,Comparative characterization of the infant gut microbiome and their maternal lineage by a multi-omics approach,2024
T0651,https://www.ncbi.nlm.nih.gov/pmc/articles/PMC11002014/,Development of chitosan lipid nanoparticles to alleviate the pharmacological activity of piperine in the management of cognitive deficit in diabetic rats,2024
T4829,https://www.ncbi.nlm.nih.gov/pmc/articles/PMC11002218/,Alterations of the gut microbiota in patients with schizophrenia,2024
T4880,https://www.ncbi.nlm.nih.gov/pmc/articles/PMC11002246/,The role of molecular chaperone CCT/TRiC in translation elongation: A literature review,2024
T1424,https://www.ncbi.nlm.nih.gov/pmc/articles/PMC11002311/,Purinergic signaling promotes premature senescence,2024
T8390,https://www.ncbi.nlm.nih.gov/pmc/articles/PMC11002687/,Deciphering the molecular mechanism of NLRP3 in BPA-mediated toxicity: Implications for targeted therapies,2024
T4829,https://www.ncbi.nlm.nih.gov/pmc/articles/PMC11002807/,Aging like fine wine: Mischievous microbes and other factors influencing senescence,2024
T1507,https://www.ncbi.nlm.nih.gov/pmc/articles/PMC11002886/,The embodiment of parental death in early life through accelerated epigenetic aging: Implications for understanding how parental death before 18 shapes age-related health risk among older adults,2024
T9545,https://www.ncbi.nlm.nih.gov/pmc/articles/PMC11002905/,Eye-movement reveals word order effects on comparative sentences in older adults using a verb-final language,2024
T0651,https://www.ncbi.nlm.nih.gov/pmc/articles/PMC11003087/,The concept of resilience to Alzheimer’s Disease: current definitions and cellular and molecular mechanisms,2024
T7379,https://www.ncbi.nlm.nih.gov/pmc/articles/PMC11003613/,Biological aging of two innate behaviors of Drosophila melanogaster: Escape climbing versus courtship learning and memory,2024
T4829,https://www.ncbi.nlm.nih.gov/pmc/articles/PMC11003713/,Do microbes play a role in Alzheimer's disease?,2024
T5430,https://www.ncbi.nlm.nih.gov/pmc/articles/PMC11003752/,Examining the Biological Impacts of Parent-Child Relationship Dynamics on Preschool-Aged Children who have Experienced Adversity,2024
T7008,https://www.ncbi.nlm.nih.gov/pmc/articles/PMC11004000/,Visualizing subcellular changes in the NAD(H) pool size versus redox state using fluorescence lifetime imaging microscopy of NADH,2024
T2849,https://www.ncbi.nlm.nih.gov/pmc/articles/PMC11004013/,Dietary factors and their influence on immunotherapy strategies in oncology: a comprehensive review,2024
T5430,https://www.ncbi.nlm.nih.gov/pmc/articles/PMC11004021/,Nonlinear DNA methylation trajectories in aging male mice,2024
T1424,https://www.ncbi.nlm.nih.gov/pmc/articles/PMC11004146/,Biomarker profiling to determine clinical impact of microRNAs in cognitive disorders,2024
T0697,https://www.ncbi.nlm.nih.gov/pmc/articles/PMC11004221/,Bioengineering approaches for the endometrial research and application,2024
T9512,https://www.ncbi.nlm.nih.gov/pmc/articles/PMC11004245/,Effect of long-term inorganic nitrate administration on myocardial ischemia-reperfusion injury in ovariectomized rats,2024
T3497,https://www.ncbi.nlm.nih.gov/pmc/articles/PMC11004314/,Caught in action: how MSCs modulate atherosclerotic plaque,2024
T9512,https://www.ncbi.nlm.nih.gov/pmc/articles/PMC11004728/,Evolutionary conserved peptide and glycoprotein hormone-like neuroendocrine systems in C. elegans,2024
T1424,https://www.ncbi.nlm.nih.gov/pmc/articles/PMC11005220/,Bazi Bushen ameliorates age-related energy metabolism dysregulation by targeting the IL-17/TNF inflammatory pathway associated with SASP,2024
T7395,https://www.ncbi.nlm.nih.gov/pmc/articles/PMC11005400/,Green Tea Extract Reduced Lipopolysaccharide-Induced Inflammation in L2 Cells as Acute Respiratory Distress Syndrome Model Through Genes and Cytokine Pro-Inflammatory,2024
T9512,https://www.ncbi.nlm.nih.gov/pmc/articles/PMC11006215/,Cellular Trojan Horse initiates bimetallic Fe-Cu MOF-mediated synergistic cuproptosis and ferroptosis against malignancies,2024
T7008,https://www.ncbi.nlm.nih.gov/pmc/articles/PMC11006396/,Per capita sperm metabolism is density dependent,2024
T1424,https://www.ncbi.nlm.nih.gov/pmc/articles/PMC11006466/,Omilancor mitigates the senescence of nucleus pulposus cells induced by DDP through targeting MAP2K6,2024
T9512,https://www.ncbi.nlm.nih.gov/pmc/articles/PMC11006477/,Geraniol attenuates oxidative stress and neuroinflammation-mediated cognitive impairment in D galactose-induced mouse aging model,2024
T7008,https://www.ncbi.nlm.nih.gov/pmc/articles/PMC11006478/,CMS121: a novel approach to mitigate aging-related obesity and metabolic dysfunction,2024
T0651,https://www.ncbi.nlm.nih.gov/pmc/articles/PMC11006484/,CRIF1 attenuates doxorubicin-mediated mitochondrial dysfunction and myocardial senescence via regulating PXDN,2024
T0651,https://www.ncbi.nlm.nih.gov/pmc/articles/PMC11006494/,A pyrimidine metabolism-related signature for prognostic and immunotherapeutic response prediction in hepatocellular carcinoma by integrating analyses,2024
T0651,https://www.ncbi.nlm.nih.gov/pmc/articles/PMC11006499/,Targeting mitochondrial dysfunction using methylene blue or mitoquinone to improve skeletal aging,2024
T5029,https://www.ncbi.nlm.nih.gov/pmc/articles/PMC11006751/,Rare genetic variation in fibronectin 1 (FN1) protects against APOEε4 in Alzheimer’s disease,2024
T5125,https://www.ncbi.nlm.nih.gov/pmc/articles/PMC11006855/,Insights into vaccines for elderly individuals: from the impacts of immunosenescence to delivery strategies,2024
T1424,https://www.ncbi.nlm.nih.gov/pmc/articles/PMC11006883/,Single-cell and spatial RNA sequencing reveal the spatiotemporal trajectories of fruit senescence,2024
T0697,https://www.ncbi.nlm.nih.gov/pmc/articles/PMC11006954/,Immunoglobulin G N-glycan markers of accelerated biological aging during chronic HIV infection,2024
T1507,https://www.ncbi.nlm.nih.gov/pmc/articles/PMC11007187/,Decoding the secrets of longevity: unraveling nutraceutical and miRNA-Mediated aging pathways and therapeutic strategies,2024
T0651,https://www.ncbi.nlm.nih.gov/pmc/articles/PMC11007218/,Cuproptosis in stroke: focusing on pathogenesis and treatment,2024
T5125,https://www.ncbi.nlm.nih.gov/pmc/articles/PMC11007219/,Effects of saponins Rb1 and Re in American ginseng combined intervention on immune system of aging model,2024
T3497,https://www.ncbi.nlm.nih.gov/pmc/articles/PMC11007224/,Microelement strontium and human health: comprehensive analysis of the role in inflammation and non-communicable diseases (NCDs),2024
T5430,https://www.ncbi.nlm.nih.gov/pmc/articles/PMC11007670/,The role of telomerase reverse transcriptase in the mitochondrial protective functions of Angiotensin-(1–7) in diabetic CD34+ cells,2024
T5029,https://www.ncbi.nlm.nih.gov/pmc/articles/PMC11007779/,Artesunate Alleviates Kidney Fibrosis in Type 1 Diabetes with Periodontitis Rats via Promoting Autophagy and Suppression of Inflammation,2024
T9512,https://www.ncbi.nlm.nih.gov/pmc/articles/PMC11007879/,Association of 8-hydroxy-2’-deoxyguanosine with motoric cognitive risk in elderly Chinese people: RUGAO longevity and aging cross-sectional study,2024
T1424,https://www.ncbi.nlm.nih.gov/pmc/articles/PMC11007942/,Cellular senescence and metabolic reprogramming model based on bulk/single-cell RNA sequencing reveals PTGER4 as a therapeutic target for ccRCC,2024
T0697,https://www.ncbi.nlm.nih.gov/pmc/articles/PMC11008080/,Mineralocorticoid receptor promotes cardiac macrophage inflammaging,2024
T1507,https://www.ncbi.nlm.nih.gov/pmc/articles/PMC11008083/,Epigenomic insights into common human disease pathology,2024
T7395,https://www.ncbi.nlm.nih.gov/pmc/articles/PMC11008085/,"The interplay of collagen, macrophages, and microcalcification in atherosclerotic plaque cap rupture mechanics",2024
T0651,https://www.ncbi.nlm.nih.gov/pmc/articles/PMC11008269/,"Chk2 Modulates Bmi1-Deficiency-Induced Renal Aging and Fibrosis via Oxidative Stress, DNA Damage, and p53/TGFβ1-Induced Epithelial-Mesenchymal Transition",2024
T8390,https://www.ncbi.nlm.nih.gov/pmc/articles/PMC11008531/,Decoding lifespan secrets: the role of the gonad in Caenorhabditis elegans aging,2024
T1424,https://www.ncbi.nlm.nih.gov/pmc/articles/PMC11008718/,Association of Biological Age with Tumor Microenvironment in Patients with Esophageal Adenocarcinoma,2024
T4829,https://www.ncbi.nlm.nih.gov/pmc/articles/PMC11008724/,The Trajectory of Successful Aging: Insights from Metagenome and Cytokine Profiling,2024
T7379,https://www.ncbi.nlm.nih.gov/pmc/articles/PMC11009167/,Cell Tree Rings: the structure of somatic evolution as a human aging timer,2024
T1424,https://www.ncbi.nlm.nih.gov/pmc/articles/PMC11009184/,Translatability of mouse muscle-aging for humans: the role of sex,2024
T1507,https://www.ncbi.nlm.nih.gov/pmc/articles/PMC11009193/,CheekAge: a next-generation buccal epigenetic aging clock associated with lifestyle and health,2024
T5125,https://www.ncbi.nlm.nih.gov/pmc/articles/PMC11009196/,Prognostic accuracy of 70 individual frailty biomarkers in predicting mortality in the Canadian Longitudinal Study on Aging,2024
T1424,https://www.ncbi.nlm.nih.gov/pmc/articles/PMC11009199/,"Irradiation-induced hair graying in mice: an experimental model to evaluate the effectiveness of interventions targeting oxidative stress, DNA damage prevention, and cellular senescence",2024
T2849,https://www.ncbi.nlm.nih.gov/pmc/articles/PMC11009208/,Intermittent fasting promotes rejuvenation of immunosenescent phenotypes in aged adipose tissue,2024
T5125,https://www.ncbi.nlm.nih.gov/pmc/articles/PMC11009300/,Evolution of T cells in the cancer-resistant naked mole-rat,2024
T8390,https://www.ncbi.nlm.nih.gov/pmc/articles/PMC11009311/,"Systematic review of rodent studies of deep brain stimulation for the treatment of neurological, developmental and neuropsychiatric disorders",2024
T3497,https://www.ncbi.nlm.nih.gov/pmc/articles/PMC11010396/,Immersed in a reservoir of potential: amniotic fluid-derived extracellular vesicles,2024
T8390,https://www.ncbi.nlm.nih.gov/pmc/articles/PMC11010440/,CDK7 in breast cancer: mechanisms of action and therapeutic potential,2024
T5430,https://www.ncbi.nlm.nih.gov/pmc/articles/PMC11010948/,Shorter telomere length increases the risk of lymphocyte immunodeficiency: A Mendelian randomization study,2024
T9512,https://www.ncbi.nlm.nih.gov/pmc/articles/PMC11011358/,Impact of Molecular Weight Variations in Dendrobium officinale Polysaccharides on Antioxidant Activity and Anti-Obesity in Caenorhabditis elegans,2024
T9512,https://www.ncbi.nlm.nih.gov/pmc/articles/PMC11011461/,Immunomodulation through Nutrition Should Be a Key Trend in Type 2 Diabetes Treatment,2024
T0651,https://www.ncbi.nlm.nih.gov/pmc/articles/PMC11011490/,Virus-Induced Epilepsy vs. Epilepsy Patients Acquiring Viral Infection: Unravelling the Complex Relationship for Precision Treatment,2024
T1424,https://www.ncbi.nlm.nih.gov/pmc/articles/PMC11011505/,Integrated Transcriptomic and Proteomic Study of the Mechanism of Action of the Novel Small-Molecule Positive Allosteric Modulator 1 in Targeting PAC1-R for the Treatment of D-Gal-Induced Aging Mice,2024
T1424,https://www.ncbi.nlm.nih.gov/pmc/articles/PMC11011511/,Cryptomphalus aspersa Egg Extract Protects against Human Stem Cell Stress-Induced Premature Senescence,2024
T9512,https://www.ncbi.nlm.nih.gov/pmc/articles/PMC11011536/,Consequences of Exposure to Hypobaric Hypoxia Associated with High Altitude on Spermatogenesis and Seminal Parameters: A Literature Review,2024
T5029,https://www.ncbi.nlm.nih.gov/pmc/articles/PMC11011559/,Progressive Age-Associated Blood–Brain Barrier Leak/Dysfunction-Nexus of Neurodegenerative Disease Using MRI Markers to Identify Preclinical Disease and Potential New Targets for Future Treatments,2024
T9512,https://www.ncbi.nlm.nih.gov/pmc/articles/PMC11011586/,Constitutive NOS Production Is Modulated by Alzheimer’s Disease Pathology Depending on APOE Genotype,2024
T0697,https://www.ncbi.nlm.nih.gov/pmc/articles/PMC11011715/,"The Heterogeneity of Post-Menopausal Disease Risk: Could the Basis for Why Only Subsets of Females Are Affected Be Due to a Reversible Epigenetic Modification System Associated with Puberty, Menstrual Cycles, Pregnancy and Lactation, and, Ultimately, Menopause?",2024
T9512,https://www.ncbi.nlm.nih.gov/pmc/articles/PMC11011787/,Oxidative Stress Induced by Cortisol in Human Platelets,2024
T1507,https://www.ncbi.nlm.nih.gov/pmc/articles/PMC11011857/,Genetic Signature of Human Pancreatic Cancer and Personalized Targeting,2024
T0651,https://www.ncbi.nlm.nih.gov/pmc/articles/PMC11011890/,Molecular Mechanism of Resveratrol and Its Therapeutic Potential on Female Infertility,2024
T0259,https://www.ncbi.nlm.nih.gov/pmc/articles/PMC11011893/,Cockayne Syndrome Patient iPSC-Derived Brain Organoids and Neurospheres Show Early Transcriptional Dysregulation of Biological Processes Associated with Brain Development and Metabolism,2024
T4880,https://www.ncbi.nlm.nih.gov/pmc/articles/PMC11011909/,A Potential Role of Interleukin-5 in the Pathogenesis and Progression of Amyotrophic Lateral Sclerosis: A New Molecular Perspective,2024
T9512,https://www.ncbi.nlm.nih.gov/pmc/articles/PMC11011925/,Research Progress on Bioactive Factors against Skin Aging,2024
T8390,https://www.ncbi.nlm.nih.gov/pmc/articles/PMC11011935/,Non-Neovascular Age-Related Macular Degeneration Assessment: Focus on Optical Coherence Tomography Biomarkers,2024
T0651,https://www.ncbi.nlm.nih.gov/pmc/articles/PMC11011936/,Molecular Mechanisms of Neuroprotection after the Intermittent Exposures of Hypercapnic Hypoxia,2024
T5430,https://www.ncbi.nlm.nih.gov/pmc/articles/PMC11011970/,Reprogramming Chromosome Ends by Functional Histone Acetylation,2024
T1507,https://www.ncbi.nlm.nih.gov/pmc/articles/PMC11011998/,An Overview of the Epigenetic Modifications in the Brain under Normal and Pathological Conditions,2024
T9512,https://www.ncbi.nlm.nih.gov/pmc/articles/PMC11012011/,Neurodevelopmental Disruptions in Children of Preeclamptic Mothers: Pathophysiological Mechanisms and Consequences,2024
T9512,https://www.ncbi.nlm.nih.gov/pmc/articles/PMC11012053/,Potential of Curcumin in the Management of Skin Diseases,2024
T9512,https://www.ncbi.nlm.nih.gov/pmc/articles/PMC11012090/,Advancements in Regenerative Hydrogels in Skin Wound Treatment: A Comprehensive Review,2024
T0651,https://www.ncbi.nlm.nih.gov/pmc/articles/PMC11012098/,The Role of Cardiolipin in Mitochondrial Function and Neurodegenerative Diseases,2024
T3891,https://www.ncbi.nlm.nih.gov/pmc/articles/PMC11012129/,Serum Induces the Subunit-Specific Activation of NF-κB in Proliferating Human Cardiac Stem Cells,2024
T9512,https://www.ncbi.nlm.nih.gov/pmc/articles/PMC11012190/,"Personalized, Precision Medicine to Cure Alzheimer’s Dementia: Approach #1",2024
T1424,https://www.ncbi.nlm.nih.gov/pmc/articles/PMC11012242/,Multi-System-Level Analysis Reveals Differential Expression of Stress Response-Associated Genes in Inflammatory Solar Lentigo,2024
T4829,https://www.ncbi.nlm.nih.gov/pmc/articles/PMC11012256/,Different Levels of Therapeutic Strategies to Recover the Microbiome to Prevent/Delay Acute Lymphoblastic Leukemia (ALL) or Arrest Its Progression in Children,2024
T0697,https://www.ncbi.nlm.nih.gov/pmc/articles/PMC11012269/,Anemia and Its Connections to Inflammation in Older Adults: A Review,2024
T4829,https://www.ncbi.nlm.nih.gov/pmc/articles/PMC11012304/,The Interplay of Sports and Nutrition in Neurological Health and Recovery,2024
T0651,https://www.ncbi.nlm.nih.gov/pmc/articles/PMC11012338/,Targeting Mitochondrial Dynamics during Lower-Limb Ischemia Reperfusion in Young and Old Mice: Effect of Mitochondrial Fission Inhibitor-1 (mDivi-1),2024
T9512,https://www.ncbi.nlm.nih.gov/pmc/articles/PMC11012457/,Toxicity Mechanisms of Gadolinium and Gadolinium-Based Contrast Agents—A Review,2024
T0651,https://www.ncbi.nlm.nih.gov/pmc/articles/PMC11012481/,Platelet Dynamics in Neurodegenerative Disorders: Investigating the Role of Platelets in Neurological Pathology,2024
T9512,https://www.ncbi.nlm.nih.gov/pmc/articles/PMC11012506/,Normal-Tension Glaucoma and Potential Clinical Links to Alzheimer’s Disease,2024
T9512,https://www.ncbi.nlm.nih.gov/pmc/articles/PMC11012511/,Research Progress in Skin Aging and Immunity,2024
T4829,https://www.ncbi.nlm.nih.gov/pmc/articles/PMC11012526/,Biological Basis of Breast Cancer-Related Disparities in Precision Oncology Era,2024
T9512,https://www.ncbi.nlm.nih.gov/pmc/articles/PMC11012721/,Astragaloside IV as a Memory-Enhancing Agent: In Silico Studies with In Vivo Analysis and Post Mortem ADME-Tox Profiling in Mice,2024
T0651,https://www.ncbi.nlm.nih.gov/pmc/articles/PMC11012857/,"The Effect of Cold-Water Swimming on Energy Metabolism, Dynamics, and Mitochondrial Biogenesis in the Muscles of Aging Rats",2024
T9512,https://www.ncbi.nlm.nih.gov/pmc/articles/PMC11012884/,"A Narrative Review on Adipose Tissue and Overtraining: Shedding Light on the Interplay among Adipokines, Exercise and Overtraining",2024
T9512,https://www.ncbi.nlm.nih.gov/pmc/articles/PMC11012956/,"The Intricate Balance between Life and Death: ROS, Cathepsins, and Their Interplay in Cell Death and Autophagy",2024
T7379,https://www.ncbi.nlm.nih.gov/pmc/articles/PMC11012972/,Updated Estimates of Radiation Risk for Cancer and Cardiovascular Disease: Implications for Cardiology Practice,2024
T3497,https://www.ncbi.nlm.nih.gov/pmc/articles/PMC11013016/,The Combined Anti-Aging Effect of Hydrolyzed Collagen Oligopeptides and Exosomes Derived from Human Umbilical Cord Mesenchymal Stem Cells on Human Skin Fibroblasts,2024
T9512,https://www.ncbi.nlm.nih.gov/pmc/articles/PMC11013190/,Beneficial Effects of Castanea sativa Wood Extract on the Human Body and Possible Food and Pharmaceutical Applications,2024
T4829,https://www.ncbi.nlm.nih.gov/pmc/articles/PMC11013194/,Inflammatory Dietary Potential Is Associated with Vitamin Depletion and Gut Microbial Dysbiosis in Early Pregnancy,2024
T0697,https://www.ncbi.nlm.nih.gov/pmc/articles/PMC11013318/,The Impact of Stress and Social Determinants on Diet in Cardiovascular Prevention in Young Women,2024
T9512,https://www.ncbi.nlm.nih.gov/pmc/articles/PMC11013319/,Long-Term Impact of Diffuse Traumatic Brain Injury on Neuroinflammation and Catecholaminergic Signaling: Potential Relevance for Parkinson’s Disease Risk,2024
T0651,https://www.ncbi.nlm.nih.gov/pmc/articles/PMC11013636/,The Potential of Bioactive Fish Collagen Oligopeptides against Hydrogen Peroxide-Induced NIH/3T3 and HUVEC Damage: The Involvement of the Mitochondria,2024
T1507,https://www.ncbi.nlm.nih.gov/pmc/articles/PMC11013747/,5-Heptadecylresorcinol Improves Aging-Associated Hepatic Fatty Acid Oxidation Dysfunction via Regulating Adipose Sirtuin 3,2024
T1424,https://www.ncbi.nlm.nih.gov/pmc/articles/PMC11013792/,Accelerated Aging Induced by an Unhealthy High-Fat Diet: Initial Evidence for the Role of Nrf2 Deficiency and Impaired Stress Resilience in Cellular Senescence,2024
T0697,https://www.ncbi.nlm.nih.gov/pmc/articles/PMC11013823/,Unlocking Cognitive Potential: Association of Sarcopenia and Mediterranean Diet on Cognitive Function in Community-Dwelling Elderly of the Dalmatian Region,2024
T0697,https://www.ncbi.nlm.nih.gov/pmc/articles/PMC11013832/,Anti-Inflammatory Properties of the Citrus Flavonoid Diosmetin: An Updated Review of Experimental Models,2024
T3497,https://www.ncbi.nlm.nih.gov/pmc/articles/PMC11013861/,Engineered and Mimicked Extracellular Nanovesicles for Therapeutic Delivery,2024
T7379,https://www.ncbi.nlm.nih.gov/pmc/articles/PMC11013902/,Polyphenolic Compounds: Orchestrating Intestinal Microbiota Harmony during Aging,2024
T4829,https://www.ncbi.nlm.nih.gov/pmc/articles/PMC11013948/,"Potential Drug–Nutrient Interactions of 45 Vitamins, Minerals, Trace Elements, and Associated Dietary Compounds with Acetylsalicylic Acid and Warfarin—A Review of the Literature",2024
T1424,https://www.ncbi.nlm.nih.gov/pmc/articles/PMC11014449/,Energy metabolism as therapeutic target for aged wound repair by engineered extracellular vesicle,2024
T1507,https://www.ncbi.nlm.nih.gov/pmc/articles/PMC11014487/,Somatic epimutations enable single-cell lineage tracing in native hematopoiesis across the murine and human lifespan,2024
T4880,https://www.ncbi.nlm.nih.gov/pmc/articles/PMC11014606/,Hyperactive 20S Proteasome Enhances Proteostasis and ERAD in C. elegans via degradation of Intrinsically Disordered Proteins,2025
T9512,https://www.ncbi.nlm.nih.gov/pmc/articles/PMC11015417/,Modulating effects of crocin on lipids and lipoproteins: Mechanisms and potential benefits,2024
T2849,https://www.ncbi.nlm.nih.gov/pmc/articles/PMC11015577/,Reevaluating Adiponectin’s impact on obesity hypertension: a Chinese case-control study,2024
T3497,https://www.ncbi.nlm.nih.gov/pmc/articles/PMC11015679/,Peripheral extracellular vesicles in neurodegeneration: pathogenic influencers and therapeutic vehicles,2024
T7379,https://www.ncbi.nlm.nih.gov/pmc/articles/PMC11015974/,Type I interferon responsive microglia shape cortical development and behavior,2024
T1424,https://www.ncbi.nlm.nih.gov/pmc/articles/PMC11016098/,Inhibition of ACSS2-mediated histone crotonylation alleviates kidney fibrosis via IL-1β-dependent macrophage activation and tubular cell senescence,2024
T5430,https://www.ncbi.nlm.nih.gov/pmc/articles/PMC11016218/,Study of association of leptin with leukocyte telomere length in a Chinese rural population,2024
T1424,https://www.ncbi.nlm.nih.gov/pmc/articles/PMC11016519/,Liraglutide prevents cellular senescence in human retinal endothelial cells (HRECs) mediated by SIRT1: an implication in diabetes retinopathy,2024
T0651,https://www.ncbi.nlm.nih.gov/pmc/articles/PMC11016582/,Delayed luminescence to monitor growth stages and assess the entropy of Saccharomyces cerevisiae,2024
T4880,https://www.ncbi.nlm.nih.gov/pmc/articles/PMC11016624/,Sleep deprivation: A risk factor for the pathogenesis and progression of Alzheimer's disease,2024
T9512,https://www.ncbi.nlm.nih.gov/pmc/articles/PMC11016626/,Pesticides impacts on human health and the environment with their mechanisms of action and possible countermeasures,2024
T9996,https://www.ncbi.nlm.nih.gov/pmc/articles/PMC11016850/,Direct Reprogramming of Fibroblasts to Osteoblasts: Techniques and Methodologies,2023
T0651,https://www.ncbi.nlm.nih.gov/pmc/articles/PMC11017080/,Genetically modified non-human primate models for research on neurodegenerative diseases,2024
T9512,https://www.ncbi.nlm.nih.gov/pmc/articles/PMC11017180/,The possible role of oxidative stress marker glutathione in the assessment of cognitive impairment in multiple sclerosis,2024
T0651,https://www.ncbi.nlm.nih.gov/pmc/articles/PMC11017442/,Role of brain renin–angiotensin system in depression: A new perspective,2023
T4829,https://www.ncbi.nlm.nih.gov/pmc/articles/PMC11017490/,Astragaloside IV-PESV inhibits prostate cancer tumor growth by restoring gut microbiota and microbial metabolic homeostasis via the AGE-RAGE pathway,2024
T0651,https://www.ncbi.nlm.nih.gov/pmc/articles/PMC11017567/,Treating sex and gender differences as a continuous variable can improve precision cancer treatments,2024
T9512,https://www.ncbi.nlm.nih.gov/pmc/articles/PMC11017594/,"Integrated analysis of gut metabolome, microbiome, and exfoliome data in an equine model of intestinal injury",2024
T1424,https://www.ncbi.nlm.nih.gov/pmc/articles/PMC11017726/,Senescence-associated ß-galactosidase staining over the lifespan differs in a short- and a long-lived fish species,2024
T0697,https://www.ncbi.nlm.nih.gov/pmc/articles/PMC11017837/,Transcriptomic and Proteomic Characterization of the Immune Response to Elective Spinal Reconstructive Surgery: Impact of Aging and Comparison with Traumatic Injury Response,2023
T4829,https://www.ncbi.nlm.nih.gov/pmc/articles/PMC11018559/,"Structural characteristics of gut microbiota in longevity from Changshou town, Hubei, China",2024
T1424,https://www.ncbi.nlm.nih.gov/pmc/articles/PMC11018778/,Identification of a novel form of caspase-independent cell death triggered by BH3-mimetics in diffuse large B-cell lymphoma cell lines,2024
T0651,https://www.ncbi.nlm.nih.gov/pmc/articles/PMC11018852/,Scutellarin activates IDH1 to exert antitumor effects in hepatocellular carcinoma progression,2024
T8390,https://www.ncbi.nlm.nih.gov/pmc/articles/PMC11018902/,Targeting bone homeostasis regulation: potential of traditional Chinese medicine flavonoids in the treatment of osteoporosis,2024
T9512,https://www.ncbi.nlm.nih.gov/pmc/articles/PMC11019011/,Traditional Chinese medicine in osteoporosis: from pathogenesis to potential activity,2024
T0651,https://www.ncbi.nlm.nih.gov/pmc/articles/PMC11019112/,Inflammatory mechanisms contributing to retinal alterations in HIV infection and long-term ART,2024
T9512,https://www.ncbi.nlm.nih.gov/pmc/articles/PMC11019119/,A molecular index for biological age identified from the metabolome and senescence‐associated secretome in humans,2024
T1424,https://www.ncbi.nlm.nih.gov/pmc/articles/PMC11019121/,The SATB1‐MIR22‐GBA axis mediates glucocerebroside accumulation inducing a cellular senescence‐like phenotype in dopaminergic neurons,2024
T5430,https://www.ncbi.nlm.nih.gov/pmc/articles/PMC11019125/, DNA methylation and chromatin accessibility predict age in the domestic dog,2024
T1507,https://www.ncbi.nlm.nih.gov/pmc/articles/PMC11019127/,Alterations of the gut microbiome are associated with epigenetic age acceleration and physical fitness,2024
T4880,https://www.ncbi.nlm.nih.gov/pmc/articles/PMC11019128/,Mitochondrial S‐adenosylmethionine deficiency induces mitochondrial unfolded protein response and extends lifespan in Caenorhabditis elegans ,2024
T5854,https://www.ncbi.nlm.nih.gov/pmc/articles/PMC11019132/,It is time to explore the impact of length of gestation and fetal health on the human lifespan,2024
T1507,https://www.ncbi.nlm.nih.gov/pmc/articles/PMC11019133/,Correlates of life course physical activity in participants of the Baltimore longitudinal study of aging,2024
T2620,https://www.ncbi.nlm.nih.gov/pmc/articles/PMC11019139/,Synergistic interplay of UV radiation and urban particulate matter induces impairment of autophagy and alters cellular fate in senescence‐prone human dermal fibroblasts,2024
T2849,https://www.ncbi.nlm.nih.gov/pmc/articles/PMC11019140/,Dual treatment with kynurenine pathway inhibitors and NAD + precursors synergistically extends life span in Drosophila ,2024
T0697,https://www.ncbi.nlm.nih.gov/pmc/articles/PMC11019141/,Nucleoporin93 limits Yap activity to prevent endothelial cell senescence,2024
T1424,https://www.ncbi.nlm.nih.gov/pmc/articles/PMC11019144/,Vitamin D3  inhibits p38 MAPK and senescence‐associated inflammatory mediator secretion by senescent fibroblasts that impacts immune responses during ageing,2024
T1507,https://www.ncbi.nlm.nih.gov/pmc/articles/PMC11019145/,Implications of metabolism on multi‐systems healthy aging across the lifespan,2024
T7395,https://www.ncbi.nlm.nih.gov/pmc/articles/PMC11019147/,Osteoclasts and osteoarthritis: Novel intervention targets and therapeutic potentials during aging,2024
T1424,https://www.ncbi.nlm.nih.gov/pmc/articles/PMC11019148/,"Subcellular structure, heterogeneity, and plasticity of senescent cells",2024
T5430,https://www.ncbi.nlm.nih.gov/pmc/articles/PMC11019153/,Rapid and synchronous chemical induction of replicative‐like senescence via a small molecule inhibitor,2024
T7008,https://www.ncbi.nlm.nih.gov/pmc/articles/PMC11019282/,Human pluripotent stem cells as a translational toolkit in psychedelic research in vitro,2024
T0697,https://www.ncbi.nlm.nih.gov/pmc/articles/PMC11019886/,Dual RNA sequencing of Helicobacter pylori and host cell transcriptomes reveals ontologically distinct host-pathogen interaction,2024
T4829,https://www.ncbi.nlm.nih.gov/pmc/articles/PMC11019917/,Inhibition of inosine metabolism of the gut microbiota decreases testosterone secretion in the testis,2024
T5854,https://www.ncbi.nlm.nih.gov/pmc/articles/PMC11019932/,LPD-3 as a megaprotein brake for aging and insulin-mTOR signaling in C. elegans,2024
T4829,https://www.ncbi.nlm.nih.gov/pmc/articles/PMC11020204/,Ambient long-term exposure to organophosphorus pesticides and the human gut microbiome: an observational study,2024
T3891,https://www.ncbi.nlm.nih.gov/pmc/articles/PMC11020299/,"Young Plasma Rejuvenates Blood DNA Methylation Profile, Extends Mean Lifespan, and Improves Physical Appearance in Old Rats",2024
T1424,https://www.ncbi.nlm.nih.gov/pmc/articles/PMC11020767/,Generating PET scan patterns in Alzheimer’s by a mathematical model,2024
T5029,https://www.ncbi.nlm.nih.gov/pmc/articles/PMC11021242/,The Progress in Molecular Transport and Therapeutic Development in Human Blood–Brain Barrier Models in Neurological Disorders,2024
T7379,https://www.ncbi.nlm.nih.gov/pmc/articles/PMC11021252/,A high-resolution view of the heterogeneous aging endothelium,2024
T9512,https://www.ncbi.nlm.nih.gov/pmc/articles/PMC11021774/,Oxidative stress in the brain–lung crosstalk: cellular and molecular perspectives,2024
T1424,https://www.ncbi.nlm.nih.gov/pmc/articles/PMC11021785/,CDK4/6 inhibitors in drug-induced liver injury: a pharmacovigilance study of the FAERS database and analysis of the drug–gene interaction network,2024
T5430,https://www.ncbi.nlm.nih.gov/pmc/articles/PMC11021795/,Techniques for assessing telomere length: A methodological review,2024
T2849,https://www.ncbi.nlm.nih.gov/pmc/articles/PMC11021975/,The emerging importance of the α-keto acid dehydrogenase complexes in serving as intracellular and intercellular signaling platforms for the regulation of metabolism,2024
T9512,https://www.ncbi.nlm.nih.gov/pmc/articles/PMC11022390/,Focusing on mitochondria in the brain: from biology to therapeutics,2024
T0697,https://www.ncbi.nlm.nih.gov/pmc/articles/PMC11022517/,"Comparative Neuroprotective Effects of Moringa oleifera Seed Oil and Aqueous Extract on Cognitive Functions on a High-Fat, High-Fructose Diet Mice: Focus on Senescence Markers",2024
T4829,https://www.ncbi.nlm.nih.gov/pmc/articles/PMC11022582/,Queen bee gut microbiota extends honeybee lifespan by inhibiting insulin signaling,2024
T0697,https://www.ncbi.nlm.nih.gov/pmc/articles/PMC11022595/,Testosterone does not mediate the correlation between dietary inflammation and serum klotho levels among males: insights from NHANES database,2024
T2620,https://www.ncbi.nlm.nih.gov/pmc/articles/PMC11022629/,Durable superhydrophobic surface in wearable sensors: From nature to application,2023
T5430,https://www.ncbi.nlm.nih.gov/pmc/articles/PMC11022707/,Medium‐Dose Formoterol Attenuated Abdominal Aortic Aneurysm Induced by EPO via β2AR/cAMP/SIRT1 Pathway,2024
T0697,https://www.ncbi.nlm.nih.gov/pmc/articles/PMC11022713/,Loss of Endothelial Annexin A1 Aggravates Inflammation‐Induched Vascular Aging,2024
T3497,https://www.ncbi.nlm.nih.gov/pmc/articles/PMC11023079/,The Innovative and Evolving Landscape of Topical Exosome and Peptide Therapies: A Systematic Review of the Available Literature,2024
T1424,https://www.ncbi.nlm.nih.gov/pmc/articles/PMC11023401/,An orchestra of machine learning methods reveals landmarks in single-cell data exemplified with aging fibroblasts,2024
T7008,https://www.ncbi.nlm.nih.gov/pmc/articles/PMC11023697/,High-altitude hypoxia exposure inhibits erythrophagocytosis by inducing macrophage ferroptosis in the spleen,2024
T1424,https://www.ncbi.nlm.nih.gov/pmc/articles/PMC11023937/,Single-cell multiplex chromatin and RNA interactions in ageing human brain,2024
T0651,https://www.ncbi.nlm.nih.gov/pmc/articles/PMC11024075/,Mitochondrial complex I density is associated with IQ and cognition in cognitively healthy adults: an in vivo [18F]BCPP-EF PET study,2024
T0651,https://www.ncbi.nlm.nih.gov/pmc/articles/PMC11024265/,Exploring juventology: unlocking the secrets of youthspan and longevity programs,2024
T5125,https://www.ncbi.nlm.nih.gov/pmc/articles/PMC11024322/,"Aging brain: exploring the interplay between bone marrow aging, immunosenescence, and neuroinflammation",2024
T9996,https://www.ncbi.nlm.nih.gov/pmc/articles/PMC11024337/,Information-based rhythmic transcranial magnetic stimulation to accelerate learning during auditory working memory training: a proof-of-concept study,2024
T1424,https://www.ncbi.nlm.nih.gov/pmc/articles/PMC11024792/,Apigenin and Rutaecarpine reduce the burden of cellular senescence in bone marrow stromal stem cells,2024
T5125,https://www.ncbi.nlm.nih.gov/pmc/articles/PMC11025003/,Identifying dementia from cognitive footprints in hospital records among Chinese older adults: a machine-learning study,2024
T4829,https://www.ncbi.nlm.nih.gov/pmc/articles/PMC11025216/,Targeting brain-peripheral immune responses for secondary brain injury after ischemic and hemorrhagic stroke,2024
T1424,https://www.ncbi.nlm.nih.gov/pmc/articles/PMC11025273/,Implications of ZNF334 gene in lymph node metastasis of lung SCC: potential bypassing of cellular senescence,2024
T9545,https://www.ncbi.nlm.nih.gov/pmc/articles/PMC11025553/,Social Activities and Risk of Dementia in Community-Dwelling Older People: Gender-Specific Findings From a Prospective Cohort Study,2024
T7379,https://www.ncbi.nlm.nih.gov/pmc/articles/PMC11026526/,Drug repurposing for cancer therapy,2024
T9512,https://www.ncbi.nlm.nih.gov/pmc/articles/PMC11026543/,"Granzymes in health and diseases: the good, the bad and the ugly",2024
T9996,https://www.ncbi.nlm.nih.gov/pmc/articles/PMC11026598/,Distinct eye movement patterns to complex scenes in Alzheimer’s disease and Lewy body disease,2024
T9512,https://www.ncbi.nlm.nih.gov/pmc/articles/PMC11026652/,Editorial: Bioactive materials for disease diagnosis and therapy,2024
T2849,https://www.ncbi.nlm.nih.gov/pmc/articles/PMC11026732/,Meta-analysis of the transcriptome identifies aberrant RNA processing as common feature of aging in multiple species,2024
T3891,https://www.ncbi.nlm.nih.gov/pmc/articles/PMC11027191/,Epithelial stem cells and niches in lung alveolar regeneration and diseases,2024
T1424,https://www.ncbi.nlm.nih.gov/pmc/articles/PMC11030237/,STING promotes homeostatic maintenance of tissues and confers longevity with aging,2024
T3497,https://www.ncbi.nlm.nih.gov/pmc/articles/PMC11030314/,MICROGLIA AGING IN THE HIPPOCAMPUS ADVANCES THROUGH INTERMEDIATE STATES THAT DRIVE ACTIVATION AND COGNITIVE DECLINE,2024
T8390,https://www.ncbi.nlm.nih.gov/pmc/articles/PMC11030456/,Robust single nucleus RNA sequencing reveals depot-specific cell population dynamics in adipose tissue remodeling during obesity,2024
T1424,https://www.ncbi.nlm.nih.gov/pmc/articles/PMC11030487/,Single-cell Landscape of Malignant Transition: Unraveling Cancer Cell-of-Origin and Heterogeneous Tissue Microenvironment,2024
T4829,https://www.ncbi.nlm.nih.gov/pmc/articles/PMC11030542/,Probiotic treatment causes sex-specific neuroprotection after traumatic brain injury in mice,2024
T0651,https://www.ncbi.nlm.nih.gov/pmc/articles/PMC11031376/,Identification of cells of leukemic stem cell origin with non-canonical regenerative properties,2024
T1424,https://www.ncbi.nlm.nih.gov/pmc/articles/PMC11031396/,Spatiotemporal transcriptomic changes of human ovarian aging and the regulatory role of FOXP1,2024
T0697,https://www.ncbi.nlm.nih.gov/pmc/articles/PMC11031405/,Inhibition of S6K lowers age-related inflammation and increases lifespan through the endolysosomal system,2024
T4829,https://www.ncbi.nlm.nih.gov/pmc/articles/PMC11031467/,"The effect of psychoactive bacteria, Bifidobacterium longum Rosell®-175 and Lactobacillus rhamnosus JB-1, on brain proteome profiles in mice",2023
T2546,https://www.ncbi.nlm.nih.gov/pmc/articles/PMC11031673/,Molecular mechanism of autophagy and apoptosis in endometriosis: Current understanding and future research directions,2024
T0651,https://www.ncbi.nlm.nih.gov/pmc/articles/PMC11031832/,"Advances in the chemical constituents, pharmacological activity, and clinical application of Smilacis Glabrae Rhizoma: A review and predictive analysis of quality markers (Q-markers)",2024
T2620,https://www.ncbi.nlm.nih.gov/pmc/articles/PMC11031922/,Allostatic load and frailty do not covary significantly among older residents of Greater Poland,2024
T5029,https://www.ncbi.nlm.nih.gov/pmc/articles/PMC11031943/,Single-cell transcriptome atlas in C57BL/6 mice encodes morphological phenotypes in the aging kidneys,2024
T9512,https://www.ncbi.nlm.nih.gov/pmc/articles/PMC11031980/,Melatonin: a ferroptosis inhibitor with potential therapeutic efficacy for the post-COVID-19 trajectory of accelerated brain aging and neurodegeneration,2024
T5125,https://www.ncbi.nlm.nih.gov/pmc/articles/PMC11032020/,Managing multiple sclerosis in individuals aged 55 and above: a comprehensive review,2024
T0651,https://www.ncbi.nlm.nih.gov/pmc/articles/PMC11032022/,Synthetic soldiers: Turning T cells into immortal warriors,2024
T0697,https://www.ncbi.nlm.nih.gov/pmc/articles/PMC11032087/,Emerging Trends in Atherosclerosis: Time to Address Atherosclerosis From a Younger Age,2024
T1424,https://www.ncbi.nlm.nih.gov/pmc/articles/PMC11032393/,Inflammation and mitophagy are mitochondrial checkpoints to aging,2024
T1507,https://www.ncbi.nlm.nih.gov/pmc/articles/PMC11032455/,Pregnancy is linked to faster epigenetic aging in young women,2024
T0697,https://www.ncbi.nlm.nih.gov/pmc/articles/PMC11032474/,"Childhood maltreatment influences adult brain structure through its effects on immune, metabolic, and psychosocial factors",2024
T7008,https://www.ncbi.nlm.nih.gov/pmc/articles/PMC11032537/,Astroglial activation: Current concepts and future directions,2024
T0697,https://www.ncbi.nlm.nih.gov/pmc/articles/PMC11032549/,Subsequent correlated changes in complement component 3 and amyloid beta oligomers in the blood of patients with Alzheimer's disease,2024
T1424,https://www.ncbi.nlm.nih.gov/pmc/articles/PMC11032609/,PPARγ attenuates cellular senescence of alveolar macrophages in asthma-COPD overlap,2024
T3891,https://www.ncbi.nlm.nih.gov/pmc/articles/PMC11033354/,Immune modulation in transplant medicine: a comprehensive review of cell therapy applications and future directions,2024
T0486,https://www.ncbi.nlm.nih.gov/pmc/articles/PMC11033437/,Exploring neurodegenerative disorders using advanced magnetic resonance imaging of the glymphatic system,2024
T9512,https://www.ncbi.nlm.nih.gov/pmc/articles/PMC11033446/,Adherence to an antioxidant diet and lifestyle is associated with reduced risk of cardiovascular disease and mortality among adults with nonalcoholic fatty liver disease: evidence from NHANES 1999–2018,2024
T3891,https://www.ncbi.nlm.nih.gov/pmc/articles/PMC11033448/,B cells and the stressed brain: emerging evidence of neuroimmune interactions in the context of psychosocial stress and major depression,2024
T5029,https://www.ncbi.nlm.nih.gov/pmc/articles/PMC11033926/,Contribution of the ELRs to the development of advanced in vitro models,2024
T0697,https://www.ncbi.nlm.nih.gov/pmc/articles/PMC11034510/,"Unveiling the Nuances of Adult Female Acne: A Comprehensive Exploration of Epidemiology, Treatment Modalities, Dermocosmetics, and the Menopausal Influence",2024
T7379,https://www.ncbi.nlm.nih.gov/pmc/articles/PMC11034523/,Ageing as a two-phase process: theoretical framework,2024
T4880,https://www.ncbi.nlm.nih.gov/pmc/articles/PMC11034583/,"Endoplasmic reticulum stress, autophagy, neuroinflammation, and sigma 1 receptors as contributors to depression and its treatment",2023
T0651,https://www.ncbi.nlm.nih.gov/pmc/articles/PMC11034587/,Efficacy of exercise rehabilitation for managing patients with Alzheimer’s disease,2023
T4829,https://www.ncbi.nlm.nih.gov/pmc/articles/PMC11034592/,Unraveling the gut-brain axis: the impact of steroid hormones and nutrition on Parkinson’s disease,2023
T3497,https://www.ncbi.nlm.nih.gov/pmc/articles/PMC11034607/,Connecting cellular mechanisms and extracellular vesicle cargo in traumatic brain injury,2023
T7008,https://www.ncbi.nlm.nih.gov/pmc/articles/PMC11034653/,Into the Wild: A novel wild-derived inbred strain resource expands the genomic and phenotypic diversity of laboratory mouse models,2024
T3497,https://www.ncbi.nlm.nih.gov/pmc/articles/PMC11035728/,"Gender effect of glucose, insulin/glucagon ratio, lipids, and nitrogen-metabolites on serum HGF and EGF levels in patients with diabetes type 2",2024
T1507,https://www.ncbi.nlm.nih.gov/pmc/articles/PMC11035796/,Beyond pathogens: the intriguing genetic legacy of endogenous retroviruses in host physiology,2024
T0651,https://www.ncbi.nlm.nih.gov/pmc/articles/PMC11036006/,"Exploring the neuroprotection of the combination of astragaloside A, chlorogenic acid and scutellarin in treating chronic cerebral ischemia via network analysis and experimental validation",2024
T7008,https://www.ncbi.nlm.nih.gov/pmc/articles/PMC11036092/,Modulation of mitochondrial function by extracellular acidosis in tumor cells and normal fibroblasts: Role of signaling pathways,2024
T3497,https://www.ncbi.nlm.nih.gov/pmc/articles/PMC11036524/,Research progress on venous thrombosis development in patients with malignant tumors,2024
T2936,https://www.ncbi.nlm.nih.gov/pmc/articles/PMC11036571/,Metabolomics and proteomics insights into subacute ruminal acidosis etiology and inhibition of proliferation of yak rumen epithelial cells in vitro,2024
T9512,https://www.ncbi.nlm.nih.gov/pmc/articles/PMC11036640/,Loss of AMPK activity induces organelle dysfunction and oxidative stress during oocyte aging,2024
T1746,https://www.ncbi.nlm.nih.gov/pmc/articles/PMC11036688/,Extracellular vesicle encapsulated nicotinamide delivered via a trans-scleral route provides retinal ganglion cell neuroprotection,2024
T1424,https://www.ncbi.nlm.nih.gov/pmc/articles/PMC11036784/,Bleomycin induces senescence and repression of DNA repair via downregulation of Rad51,2024
T3497,https://www.ncbi.nlm.nih.gov/pmc/articles/PMC11036882/,Clinical Evaluation of Safety and Efficacy of a Central Current Good Manufacturing Practices Laboratory Produced Autologous Adipose-Derived Stromal Vascular Fraction Cell Therapy Product for the Treatment of Knee Osteoarthritis,2024
T5029,https://www.ncbi.nlm.nih.gov/pmc/articles/PMC11036936/,Exploring therapeutic targets for molecular therapy of idiopathic pulmonary fibrosis,2024
T1424,https://www.ncbi.nlm.nih.gov/pmc/articles/PMC11037540/,Neuronal cell cycle reentry events in the aging brain are more prevalent in neurodegeneration and lead to cellular senescence,2024
T3891,https://www.ncbi.nlm.nih.gov/pmc/articles/PMC11037919/,A logic-incorporated gene regulatory network deciphers principles in cell fate decisions,2024
T9512,https://www.ncbi.nlm.nih.gov/pmc/articles/PMC11038576/,Effects of psychogenic stress on oxidative stress and antioxidant capacity at different growth stages of rats: Experimental study,2024
T4829,https://www.ncbi.nlm.nih.gov/pmc/articles/PMC11039309/,A Systematized Review of the Relationship Between Obesity and Vitamin C Requirements,2024
T1507,https://www.ncbi.nlm.nih.gov/pmc/articles/PMC11039323/,Loss of the histone chaperone UNC-85/ASF1 inhibits the epigenome-mediated longevity and modulates the activity of one-carbon metabolism,2024
T9545,https://www.ncbi.nlm.nih.gov/pmc/articles/PMC11039332/,Is resilience a unifying concept for the biological sciences?,2024
T0651,https://www.ncbi.nlm.nih.gov/pmc/articles/PMC11039361/,Mechanism of Action and Translational Potential of (S)-Meclizine in Preemptive Prophylaxis Against Stroke,2024
T1424,https://www.ncbi.nlm.nih.gov/pmc/articles/PMC11039612/,ANTXR1 deficiency promotes fibroblast senescence: implications for GAPO syndrome as a progeroid disorder,2024
T5854,https://www.ncbi.nlm.nih.gov/pmc/articles/PMC11039620/,Dissecting the genetic overlap between severe mental disorders and markers of cellular aging: Identification of pleiotropic genes and druggable targets,2024
T0651,https://www.ncbi.nlm.nih.gov/pmc/articles/PMC11039812/,Metabolic vulnerability of cancer stem cells and their niche,2024
T4829,https://www.ncbi.nlm.nih.gov/pmc/articles/PMC11039947/,Current understanding of the molecular mechanisms of chemotherapy-induced peripheral neuropathy,2024
T8390,https://www.ncbi.nlm.nih.gov/pmc/articles/PMC11040081/,Anti-aging effect of glycerophosphocholine in Steinernema kraussei 0657L,2024
T8390,https://www.ncbi.nlm.nih.gov/pmc/articles/PMC11040121/,Melatonin alleviates endoplasmic reticulum stress to improve ovarian function by regulating the mTOR pathway in aged laying hens,2024
T1507,https://www.ncbi.nlm.nih.gov/pmc/articles/PMC11040152/,Influence of maternal folate depletion on Art3 DNA methylation in the murine adult brain; potential consequences for brain and neurocognitive health,2024
T9545,https://www.ncbi.nlm.nih.gov/pmc/articles/PMC11040256/,A future food boom rescues the negative effects of early-life adversity on adult lifespan in a small mammal,2024
T2546,https://www.ncbi.nlm.nih.gov/pmc/articles/PMC11040290/,Emerging role of galectin 3 in neuroinflammation and neurodegeneration,2023
T3497,https://www.ncbi.nlm.nih.gov/pmc/articles/PMC11040311/,The functions of exosomes targeting astrocytes and astrocyte-derived exosomes targeting other cell types,2023
T8390,https://www.ncbi.nlm.nih.gov/pmc/articles/PMC11040315/,On implications of somatostatin in diabetic retinopathy,2023
T2849,https://www.ncbi.nlm.nih.gov/pmc/articles/PMC11040316/,Hypothalamic circuits and aging: keeping the circadian clock updated,2023
T0486,https://www.ncbi.nlm.nih.gov/pmc/articles/PMC11040320/,Circadian rhythm disruption and retinal dysfunction: a bidirectional link in Alzheimer's disease?,2023
T0697,https://www.ncbi.nlm.nih.gov/pmc/articles/PMC11040947/,"Epigenetic regulation of diverse cell death modalities in cancer: a focus on pyroptosis, ferroptosis, cuproptosis, and disulfidptosis",2024
T9580,https://www.ncbi.nlm.nih.gov/pmc/articles/PMC11041016/,Blood-based biological ageing and red cell distribution width are associated with prevalent Parkinson’s disease: findings from a large Italian population cohort,2024
T3497,https://www.ncbi.nlm.nih.gov/pmc/articles/PMC11041043/,"Extracellular vesicles in neuroblastoma: role in progression, resistance to therapy and diagnostics",2024
T8390,https://www.ncbi.nlm.nih.gov/pmc/articles/PMC11041382/,"Ion transporter cascade, reactive astrogliosis and cerebrovascular diseases",2024
T2546,https://www.ncbi.nlm.nih.gov/pmc/articles/PMC11041712/,Short-Term Memory Deficit Associates with miR-153-3p Upregulation in the Hippocampus of Middle-Aged Mice,2023
T7379,https://www.ncbi.nlm.nih.gov/pmc/articles/PMC11042195/,Widespread impact of nucleosome remodelers on transcription at cis-regulatory elements,2024
T4829,https://www.ncbi.nlm.nih.gov/pmc/articles/PMC11042308/,"Gut dysbiosis was inevitable, but tolerance was not: temporal responses of the murine microbiota that maintain its capacity for butyrate production correlate with sustained antinociception to chronic morphine",2024
T1507,https://www.ncbi.nlm.nih.gov/pmc/articles/PMC11042343/,The energetic stress cytokine GDF15 is elevated in the context of chronic and acute psychosocial stress,2025
T4829,https://www.ncbi.nlm.nih.gov/pmc/articles/PMC11042410/,Assessing Engraftment Following Fecal Microbiota Transplant,2024
T1424,https://www.ncbi.nlm.nih.gov/pmc/articles/PMC11042538/,Cellular senescence in cancer: molecular mechanisms and therapeutic targets,2024
T9512,https://www.ncbi.nlm.nih.gov/pmc/articles/PMC11042938/,Identification and validation of the biomarkers related to ferroptosis in calcium oxalate nephrolithiasis,2024
T2849,https://www.ncbi.nlm.nih.gov/pmc/articles/PMC11042945/,The coupling between healthspan and lifespan in Caenorhabditis depends on complex interactions between compound intervention and genetic background,2024
T3891,https://www.ncbi.nlm.nih.gov/pmc/articles/PMC11042951/,Evidence of a pan-tissue decline in stemness during human aging,2024
T2849,https://www.ncbi.nlm.nih.gov/pmc/articles/PMC11042960/,"Using genetics and proteomics data to identify proteins causally related to COVID-19, healthspan and lifespan: a Mendelian randomization study",2024
T5430,https://www.ncbi.nlm.nih.gov/pmc/articles/PMC11043037/,Telomerase is essential for cardiac differentiation and sustained metabolism of human cardiomyocytes,2024
T1424,https://www.ncbi.nlm.nih.gov/pmc/articles/PMC11043337/,Identifying transcriptomic profiles of iron–quercetin complex treated peripheral blood mononuclear cells from healthy volunteers and diabetic patients,2024
T0651,https://www.ncbi.nlm.nih.gov/pmc/articles/PMC11043447/,Flexibility underlies differences in mitochondrial respiratory performance between migratory and non-migratory White-crowned Sparrows (Zonotrichia leucophrys),2024
T9512,https://www.ncbi.nlm.nih.gov/pmc/articles/PMC11043497/,The ins and outs of microglial cells in brain health and disease,2024
T1507,https://www.ncbi.nlm.nih.gov/pmc/articles/PMC11043514/,The causes and consequences of trained immunity in myeloid cells,2024
T9512,https://www.ncbi.nlm.nih.gov/pmc/articles/PMC11043540/,Unveiling the mechanisms for the development of rosehip-based dermatological products: an updated review,2024
T5430,https://www.ncbi.nlm.nih.gov/pmc/articles/PMC11043687/,Infection and telomere length: a systematic review protocol,2024
T1507,https://www.ncbi.nlm.nih.gov/pmc/articles/PMC11043877/,Targeting the chromatin structural changes of antitumor immunity,2023
T0651,https://www.ncbi.nlm.nih.gov/pmc/articles/PMC11043910/,The association of dietary antioxidants and the inflammatory potential of the diet with poor physical function and disability in older Australian men: the Concord Health and Ageing in Men Project,2024
T8390,https://www.ncbi.nlm.nih.gov/pmc/articles/PMC11044502/,Polystyrene nanoplastics with different functional groups and charges have different impacts on type 2 diabetes,2024
T9580,https://www.ncbi.nlm.nih.gov/pmc/articles/PMC11044586/,Research advances on molecular mechanism and natural product therapy of iron metabolism in heart failure,2024
T9512,https://www.ncbi.nlm.nih.gov/pmc/articles/PMC11044688/,Counter-regulatory RAS peptides: new therapy targets for inflammation and fibrotic diseases?,2024
T2849,https://www.ncbi.nlm.nih.gov/pmc/articles/PMC11045819/,Dietary L-Glu sensing by enteroendocrine cells adjusts food intake via modulating gut PYY/NPF secretion,2024
T1507,https://www.ncbi.nlm.nih.gov/pmc/articles/PMC11045871/,Bile acid metabolism and signaling in health and disease: molecular mechanisms and therapeutic targets,2024
T9512,https://www.ncbi.nlm.nih.gov/pmc/articles/PMC11045909/,An overview of preclinical models of traumatic brain injury (TBI): relevance to pathophysiological mechanisms,2024
T7379,https://www.ncbi.nlm.nih.gov/pmc/articles/PMC11045945/,Advancements in culture technology of adipose-derived stromal/stem cells: implications for diabetes and its complications,2024
T7395,https://www.ncbi.nlm.nih.gov/pmc/articles/PMC11045975/,Possible interactions between selected food processing and medications,2024
T9512,https://www.ncbi.nlm.nih.gov/pmc/articles/PMC11046090/,iMPAQT reveals that adequate mitohormesis from TFAM overexpression leads to life extension in mice,2024
T4829,https://www.ncbi.nlm.nih.gov/pmc/articles/PMC11046198/,Chronically socially isolated mice exhibit depressive-like behavior regulated by the gut microbiota,2024
T0651,https://www.ncbi.nlm.nih.gov/pmc/articles/PMC11046301/,Deafness-associated tRNAPhe mutation impaired mitochondrial and cellular integrity,2024
T0651,https://www.ncbi.nlm.nih.gov/pmc/articles/PMC11046439/,RNA: The Unsuspected Conductor in the Orchestra of Macromolecular Crowding,2024
T4880,https://www.ncbi.nlm.nih.gov/pmc/articles/PMC11046461/,NRhFluors: Quantitative Revealing the Interaction between Protein Homeostasis and Mitochondria Dysfunction via Fluorescence Lifetime Imaging,2024
T9545,https://www.ncbi.nlm.nih.gov/pmc/articles/PMC11046671/,A life for a (shorter) life: The reproduction–longevity trade-off,2024
T5029,https://www.ncbi.nlm.nih.gov/pmc/articles/PMC11046856/,Targeting Wnt/β-catenin signaling and its interplay with TGF-β and Notch signaling pathways for the treatment of chronic wounds,2024
T0486,https://www.ncbi.nlm.nih.gov/pmc/articles/PMC11046974/,DEC1 is involved in circadian rhythm disruption-exacerbated pulmonary fibrosis,2024
T0697,https://www.ncbi.nlm.nih.gov/pmc/articles/PMC11047233/,2024 International Congress on Integrative Medicine & Health Abstracts,2024
T9512,https://www.ncbi.nlm.nih.gov/pmc/articles/PMC11047380/,"Dietary Polyphenols: Review on Chemistry/Sources, Bioavailability/Metabolism, Antioxidant Effects, and Their Role in Disease Management",2024
T9512,https://www.ncbi.nlm.nih.gov/pmc/articles/PMC11047381/,"Advances in Research on the Activity Evaluation, Mechanism and Structure-Activity Relationships of Natural Antioxidant Peptides",2024
T9512,https://www.ncbi.nlm.nih.gov/pmc/articles/PMC11047398/,α-Phenyl-N-tert-Butylnitrone and Analogous α-Aryl-N-alkylnitrones as Neuroprotective Antioxidant Agents for Stroke,2024
T9512,https://www.ncbi.nlm.nih.gov/pmc/articles/PMC11047428/,Phytoconstituents of Androstachys johnsonii Prain Prevent Reactive Oxygen Species Production and Regulate the Expression of Inflammatory Mediators in LPS-Stimulated RAW 264.7 Macrophages,2024
T3891,https://www.ncbi.nlm.nih.gov/pmc/articles/PMC11047475/,Potential New Therapies “ROS-Based” in CLL: An Innovative Paradigm in the Induction of Tumor Cell Apoptosis,2024
T9512,https://www.ncbi.nlm.nih.gov/pmc/articles/PMC11047479/,Using Subcritical Water to Obtain Polyphenol-Rich Extracts with Antimicrobial Properties,2024
T2936,https://www.ncbi.nlm.nih.gov/pmc/articles/PMC11047501/,"Xylanase Supplement Enhances the Growth Performance of Broiler by Modulating Serum Metabolism, Intestinal Health, Short-Chain Fatty Acid Composition, and Microbiota",2024
T9512,https://www.ncbi.nlm.nih.gov/pmc/articles/PMC11047508/,"Harmony in Motion: Unraveling the Nexus of Sports, Plant-Based Nutrition, and Antioxidants for Peak Performance",2024
T9512,https://www.ncbi.nlm.nih.gov/pmc/articles/PMC11047511/,"Clove Essential Oil: Chemical Profile, Biological Activities, Encapsulation Strategies, and Food Applications",2024
T9512,https://www.ncbi.nlm.nih.gov/pmc/articles/PMC11047541/,The Impact of Oxidative Stress on the Epigenetics of Fetal Alcohol Spectrum Disorders,2024
T4829,https://www.ncbi.nlm.nih.gov/pmc/articles/PMC11047582/,Hormetic Nutrition and Redox Regulation in Gut–Brain Axis Disorders,2024
T0651,https://www.ncbi.nlm.nih.gov/pmc/articles/PMC11047596/,"Progress in Understanding Oxidative Stress, Aging, and Aging-Related Diseases",2024
T9512,https://www.ncbi.nlm.nih.gov/pmc/articles/PMC11047702/,"Litchi Pericarp Extract Treats Type 2 Diabetes Mellitus by Regulating Oxidative Stress, Inflammatory Response, and Energy Metabolism",2024
T9512,https://www.ncbi.nlm.nih.gov/pmc/articles/PMC11047711/,Redox Regulation of Mitochondrial Potassium Channels Activity,2024
T9580,https://www.ncbi.nlm.nih.gov/pmc/articles/PMC11047851/,Adjuvant PD-1 Checkpoint Inhibition in Early Cutaneous Melanoma: Immunological Mode of Action and the Role of Ultraviolet Radiation,2024
T4880,https://www.ncbi.nlm.nih.gov/pmc/articles/PMC11047957/,The Role of Cdo1 in Ferroptosis and Apoptosis in Cancer,2024
T0651,https://www.ncbi.nlm.nih.gov/pmc/articles/PMC11047961/,Fragile X Messenger Ribonucleoprotein Protein and Its Multifunctionality: From Cytosol to Nucleolus and Back,2024
T1424,https://www.ncbi.nlm.nih.gov/pmc/articles/PMC11047966/,Cell Senescence in Heterotopic Ossification,2024
T3497,https://www.ncbi.nlm.nih.gov/pmc/articles/PMC11047973/,Pulsed Radiofrequency Electromagnetic Fields as Modulators of Inflammation and Wound Healing in Primary Dermal Fibroblasts of Ulcers,2024
T9545,https://www.ncbi.nlm.nih.gov/pmc/articles/PMC11047988/,The Role of AI in Hospitals and Clinics: Transforming Healthcare in the 21st Century,2024
T8390,https://www.ncbi.nlm.nih.gov/pmc/articles/PMC11048011/,Restoring Mitochondrial Function and Muscle Satellite Cell Signaling: Remedies against Age-Related Sarcopenia,2024
T9512,https://www.ncbi.nlm.nih.gov/pmc/articles/PMC11048012/,Short-Term l-arginine Treatment Mitigates Early Damage of Dermal Collagen Induced by Diabetes,2024
T0651,https://www.ncbi.nlm.nih.gov/pmc/articles/PMC11048013/,Mitochondrial Dysfunction in Chronic Obstructive Pulmonary Disease: Unraveling the Molecular Nexus,2024
T1507,https://www.ncbi.nlm.nih.gov/pmc/articles/PMC11048075/,Research progress and applications of epigenetic biomarkers in cancer,2024
T0651,https://www.ncbi.nlm.nih.gov/pmc/articles/PMC11048128/,Behavioral and Psychiatric Disorders in Syndromic Autism,2024
T0651,https://www.ncbi.nlm.nih.gov/pmc/articles/PMC11048132/,Verapamil Attenuates the Severity of Tendinopathy by Mitigating Mitochondrial Dysfunction through the Activation of the Nrf2/HO-1 Pathway,2024
T0651,https://www.ncbi.nlm.nih.gov/pmc/articles/PMC11048137/,How Lifetime Evolution of Parkinson’s Disease Could Shape Clinical Trial Design: A Shared Patient–Clinician Viewpoint,2024
T0697,https://www.ncbi.nlm.nih.gov/pmc/articles/PMC11048223/,Overnutrition and Lipotoxicity: Impaired Efferocytosis and Chronic Inflammation as Precursors to Multifaceted Disease Pathogenesis,2024
T0651,https://www.ncbi.nlm.nih.gov/pmc/articles/PMC11048299/,Mitochondrial Dysfunction as the Major Basis of Brain Aging,2024
T9512,https://www.ncbi.nlm.nih.gov/pmc/articles/PMC11048361/,Gender-Specific Effects on the Cardiorespiratory System and Neurotoxicity of Intermittent and Permanent Low-Level Lead Exposures,2024
T0697,https://www.ncbi.nlm.nih.gov/pmc/articles/PMC11048377/,Investigating the Connection between Chronic Periodontitis and Parkinson’s Disease: Findings from a Korean National Cohort Study,2024
T0651,https://www.ncbi.nlm.nih.gov/pmc/articles/PMC11048484/,Mitochondrial Transplantation’s Role in Rodent Skeletal Muscle Bioenergetics: Recharging the Engine of Aging,2024
T0651,https://www.ncbi.nlm.nih.gov/pmc/articles/PMC11048498/,Biomarkers for Managing Neurodegenerative Diseases,2024
T9512,https://www.ncbi.nlm.nih.gov/pmc/articles/PMC11048539/,Recent Advances in Wearable Healthcare Devices: From Material to Application,2024
T1507,https://www.ncbi.nlm.nih.gov/pmc/articles/PMC11048628/,The Role of Curcumin in Cancer: A Focus on the PI3K/Akt Pathway,2024
T0697,https://www.ncbi.nlm.nih.gov/pmc/articles/PMC11048638/,Platelet-Rich Plasma (PRP) in the Treatment of Long COVID Olfactory Disorders: A Comprehensive Review,2024
T5029,https://www.ncbi.nlm.nih.gov/pmc/articles/PMC11048776/,Cell Senescence-Independent Changes of Human Skin Fibroblasts with Age,2024
T1507,https://www.ncbi.nlm.nih.gov/pmc/articles/PMC11049073/,Epigenetic Changes in Alzheimer’s Disease: DNA Methylation and Histone Modification,2024
T0697,https://www.ncbi.nlm.nih.gov/pmc/articles/PMC11049074/,The Influence of Orthodontic Treatment on Periodontal Health between Challenge and Synergy: A Narrative Review,2024
T2546,https://www.ncbi.nlm.nih.gov/pmc/articles/PMC11049076/,Sit4 Genetically Interacts with Vps27 to Regulate Mitochondrial Function and Lifespan in Saccharomyces cerevisiae,2024
T0697,https://www.ncbi.nlm.nih.gov/pmc/articles/PMC11049198/,The Potential of Integrative Cancer Treatment Using Melatonin and the Challenge of Heterogeneity in Population-Based Studies: A Case Report of Colon Cancer and a Literature Review,2024
T0651,https://www.ncbi.nlm.nih.gov/pmc/articles/PMC11049286/,"Rhoa/ROCK, mTOR and Secretome-Based Treatments for Ischemic Stroke: New Perspectives",2024
T0697,https://www.ncbi.nlm.nih.gov/pmc/articles/PMC11049543/,Inflammation and Exosomes in Fabry Disease Pathogenesis,2024
T4829,https://www.ncbi.nlm.nih.gov/pmc/articles/PMC11049642/,"The Role of Alarmins in the Pathogenesis of Rheumatoid Arthritis, Osteoarthritis, and Psoriasis",2024
T1424,https://www.ncbi.nlm.nih.gov/pmc/articles/PMC11049721/,Bibliometric study and visualization of cellular senescence associated with osteoarthritis from 2009 to 2023,2024
T4829,https://www.ncbi.nlm.nih.gov/pmc/articles/PMC11049804/,Extrachromosomal Circular DNA: An Emerging Potential Biomarker for Inflammatory Bowel Diseases?,2024
T0697,https://www.ncbi.nlm.nih.gov/pmc/articles/PMC11049833/,Atherosclerosis and the Bidirectional Relationship between Cancer and Cardiovascular Disease: From Bench to Bedside—Part 1,2024
T9512,https://www.ncbi.nlm.nih.gov/pmc/articles/PMC11049838/,Unlocking the Power of Light on the Skin: A Comprehensive Review on Photobiomodulation,2024
T1507,https://www.ncbi.nlm.nih.gov/pmc/articles/PMC11049855/,"DNA Damage, Genome Stability, and Adaptation: A Question of Chance or Necessity?",2024
T1424,https://www.ncbi.nlm.nih.gov/pmc/articles/PMC11049886/,NAD-Driven Sirtuin Activation by Cordyceps sinensis Extract: Exploring the Adaptogenic Potential to Promote Skin Longevity,2024
T9512,https://www.ncbi.nlm.nih.gov/pmc/articles/PMC11049906/,Another Use for a Proven Drug: Experimental Evidence for the Potential of Artemisinin and Its Derivatives to Treat Alzheimer’s Disease,2024
T0697,https://www.ncbi.nlm.nih.gov/pmc/articles/PMC11049921/,New Mechanisms to Prevent Heart Failure with Preserved Ejection Fraction Using Glucagon-like Peptide-1 Receptor Agonism (GLP-1 RA) in Metabolic Syndrome and in Type 2 Diabetes: A Review,2024
T1424,https://www.ncbi.nlm.nih.gov/pmc/articles/PMC11049950/,Molecular Basis of Neuronal and Microglial States in the Aging Brain and Impact on Cerebral Blood Vessels,2024
T3891,https://www.ncbi.nlm.nih.gov/pmc/articles/PMC11049960/,Novel Ultrastructural Insights into the Clear-Cell Carcinoma of the Pancreas: A Case Report,2024
T9512,https://www.ncbi.nlm.nih.gov/pmc/articles/PMC11050000/,Role of Oxidative Stress in Sensorineural Hearing Loss,2024
T0651,https://www.ncbi.nlm.nih.gov/pmc/articles/PMC11050044/,The Genomic Intersection of Oligodendrocyte Dynamics in Schizophrenia and Aging Unravels Novel Pathological Mechanisms and Therapeutic Potentials,2024
T3497,https://www.ncbi.nlm.nih.gov/pmc/articles/PMC11050090/,The Contribution of Type 2 Diabetes to Parkinson’s Disease Aetiology,2024
T7379,https://www.ncbi.nlm.nih.gov/pmc/articles/PMC11050192/,"Loss of the Y Chromosome: A Review of Molecular Mechanisms, Age Inference, and Implications for Men’s Health",2024
T9512,https://www.ncbi.nlm.nih.gov/pmc/articles/PMC11050194/,Dietary High Salt Intake Exacerbates SGK1-Mediated T Cell Pathogenicity in L-NAME/High Salt-Induced Hypertension,2024
T9512,https://www.ncbi.nlm.nih.gov/pmc/articles/PMC11050195/,Metabolomic Markers in Attention-Deficit/Hyperactivity Disorder (ADHD) among Children and Adolescents—A Systematic Review,2024
T9512,https://www.ncbi.nlm.nih.gov/pmc/articles/PMC11050267/,Molecular Pathways of Vulnerable Carotid Plaques at Risk of Ischemic Stroke: A Narrative Review,2024
T9512,https://www.ncbi.nlm.nih.gov/pmc/articles/PMC11050328/,Unraveling the Anti-Aging Properties of Phycocyanin from the Cyanobacterium Spirulina (Arthrospira platensis),2024
T9512,https://www.ncbi.nlm.nih.gov/pmc/articles/PMC11050348/,"Predictive Models of Life Span in Old Female Mice Based on Immune, Redox, and Behavioral Parameters",2024
T0697,https://www.ncbi.nlm.nih.gov/pmc/articles/PMC11050472/,Novel Findings on CCR1 Receptor in CNS Disorders: A Pathogenic Marker Useful in Controlling Neuroimmune and Neuroinflammatory Mechanisms in Parkinson’s Disease,2024
T1424,https://www.ncbi.nlm.nih.gov/pmc/articles/PMC11050478/,"Human Cord Blood Endothelial Progenitor Cells and Pregnancy Complications (Preeclampsia, Gestational Diabetes Mellitus, and Fetal Growth Restriction)",2024
T9512,https://www.ncbi.nlm.nih.gov/pmc/articles/PMC11050487/,The Role of Glutathione in Age-Related Macular Degeneration (AMD),2024
T7395,https://www.ncbi.nlm.nih.gov/pmc/articles/PMC11050592/,"Insight into the Interplay of Gd-IgA1, HMGB1, RAGE and PCDH1 in IgA Vasculitis (IgAV)",2024
T9512,https://www.ncbi.nlm.nih.gov/pmc/articles/PMC11050604/,Exploring the Associations of Inflammatory and Oxidative Stress Biomarkers with Pancreatic Diseases: An Observational and Mendelian Randomisation Study,2024
T0651,https://www.ncbi.nlm.nih.gov/pmc/articles/PMC11050641/,The Relationship between Pathogenesis and Possible Treatments for the MASLD-Cirrhosis Spectrum,2024
T7379,https://www.ncbi.nlm.nih.gov/pmc/articles/PMC11050664/,"Genetic, Environmental, and Stochastic Components of Lifespan Variability: The Drosophila Paradigm",2024
T1507,https://www.ncbi.nlm.nih.gov/pmc/articles/PMC11050701/,DNA Damage and Parkinson’s Disease,2024
T0697,https://www.ncbi.nlm.nih.gov/pmc/articles/PMC11050705/,Exploring Localized Provoked Vulvodynia: Insights from Animal Model Research,2024
T0651,https://www.ncbi.nlm.nih.gov/pmc/articles/PMC11050834/,Organ-Specific Mitochondrial Alterations Following Ischemia–Reperfusion Injury in Post-Cardiac Arrest Syndrome: A Comprehensive Review,2024
T4829,https://www.ncbi.nlm.nih.gov/pmc/articles/PMC11050856/,Trace Elements in Alzheimer’s Disease and Dementia: The Current State of Knowledge,2024
T5029,https://www.ncbi.nlm.nih.gov/pmc/articles/PMC11050892/,Unlocking the Therapeutic Potential of Marine Collagen: A Scientific Exploration for Delaying Skin Aging,2024
T2849,https://www.ncbi.nlm.nih.gov/pmc/articles/PMC11050910/,Personalized Research on the Aging Face—A Narrative History,2024
T7379,https://www.ncbi.nlm.nih.gov/pmc/articles/PMC11050916/,Advancing the Clinical and Molecular Understanding of Cornelia de Lange Syndrome: A Multidisciplinary Pediatric Case Series and Review of the Literature,2024
T0697,https://www.ncbi.nlm.nih.gov/pmc/articles/PMC11050956/,Multimodal Approach to Neurocognitive Function in People Living with HIV in the cART Era: A Comprehensive Review,2024
T4829,https://www.ncbi.nlm.nih.gov/pmc/articles/PMC11050998/,Role of Oral Microbiota Dysbiosis in the Development and Progression of Oral Lichen Planus,2024
T5029,https://www.ncbi.nlm.nih.gov/pmc/articles/PMC11050999/,Fertility Preservation in the Era of Immuno-Oncology: Lights and Shadows,2024
T9512,https://www.ncbi.nlm.nih.gov/pmc/articles/PMC11051253/,"In Vitro Evaluation of the Antioxidant Capacity of 3,3-Disubstituted-3H-benzofuran-2-one Derivatives in a Cellular Model of Neurodegeneration",2024
T0697,https://www.ncbi.nlm.nih.gov/pmc/articles/PMC11051374/,Cardiovascular Disease from Pathophysiology to Risk Estimation: Is Inflammation Estimated through Perivascular Attenuation on Computed Tomography the Key?,2024
T4829,https://www.ncbi.nlm.nih.gov/pmc/articles/PMC11051547/,"Neuroinflammation and Schizophrenia: New Therapeutic Strategies through Psychobiotics, Nanotechnology, and Artificial Intelligence (AI)",2024
T0697,https://www.ncbi.nlm.nih.gov/pmc/articles/PMC11051568/,Investigating the Potential Influence of TAS2R16 Genetic Variants and Protein Levels on Multiple Sclerosis Development,2024
T9512,https://www.ncbi.nlm.nih.gov/pmc/articles/PMC11051652/,The effect of common paralytic agents used for fluorescence imaging on redox tone and ATP levels in Caenorhabditis elegans,2024
T5125,https://www.ncbi.nlm.nih.gov/pmc/articles/PMC11051847/,The Impact of Immune System Aging on Infectious Diseases,2024
T0259,https://www.ncbi.nlm.nih.gov/pmc/articles/PMC11051897/,Mitochondrial–Stem Cell Connection: Providing Additional Explanations for Understanding Cancer,2024
T4829,https://www.ncbi.nlm.nih.gov/pmc/articles/PMC11052108/,Psychobiotics and the Microbiota–Gut–Brain Axis: Where Do We Go from Here?,2024
T4829,https://www.ncbi.nlm.nih.gov/pmc/articles/PMC11052141/,Metabolomic Analysis Reveals the Association of Severe Bronchopulmonary Dysplasia with Gut Microbiota and Oxidative Response in Extremely Preterm Infants,2024
T7008,https://www.ncbi.nlm.nih.gov/pmc/articles/PMC11052226/,Lactylation Modification in Cardiometabolic Disorders: Function and Mechanism,2024
T9512,https://www.ncbi.nlm.nih.gov/pmc/articles/PMC11052307/,A System Biology Approach Reveals New Targets for Human Thyroid Gland Toxicity in Embryos and Adult Individuals,2024
T9512,https://www.ncbi.nlm.nih.gov/pmc/articles/PMC11052376/,The Antioxidant Action of Astragali radix: Its Active Components and Molecular Basis,2024
T4829,https://www.ncbi.nlm.nih.gov/pmc/articles/PMC11052393/,The Water Extract of Rhubarb Prevents Ischemic Stroke by Regulating Gut Bacteria and Metabolic Pathways,2024
T9512,https://www.ncbi.nlm.nih.gov/pmc/articles/PMC11052836/,Recommendations for Women in Mountain Sports and Hypoxia Training/Conditioning,2023
T1424,https://www.ncbi.nlm.nih.gov/pmc/articles/PMC11052917/,PARP inhibitors suppress tumours via centrosome error-induced senescence independent of DNA damage response,2024
T1424,https://www.ncbi.nlm.nih.gov/pmc/articles/PMC11053034/,Sprouty1 is a broad mediator of cellular senescence,2024
T1507,https://www.ncbi.nlm.nih.gov/pmc/articles/PMC11053089/,Accelerated epigenetic age is associated with whole-brain functional connectivity and impaired cognitive performance in older adults,2024
T1507,https://www.ncbi.nlm.nih.gov/pmc/articles/PMC11053163/,Induced pluripotent stem cells (iPSCs): molecular mechanisms of induction and applications,2024
T4880,https://www.ncbi.nlm.nih.gov/pmc/articles/PMC11053228/,"Multiple Genes Core to ERAD, Macroautophagy and Lysosomal Degradation Pathways Participate in the Proteostasis Response in α1-Antitrypsin Deficiency",2024
T9512,https://www.ncbi.nlm.nih.gov/pmc/articles/PMC11053450/,"Polymersomes as Innovative, Stimuli-Responsive Platforms for Cancer Therapy",2024
T0697,https://www.ncbi.nlm.nih.gov/pmc/articles/PMC11053456/,Mechanisms and Cardiorenal Complications of Chronic Anemia in People with HIV,2024
T7395,https://www.ncbi.nlm.nih.gov/pmc/articles/PMC11053888/,The Role of Nutrition in the Development and Management of Chronic Obstructive Pulmonary Disease,2024
T9512,https://www.ncbi.nlm.nih.gov/pmc/articles/PMC11053907/,Adding a Leafy Vegetable Fraction to Diets Decreases the Risk of Red Meat Mortality in MASLD Subjects: Results from the MICOL Cohort,2024
T0697,https://www.ncbi.nlm.nih.gov/pmc/articles/PMC11053938/,PolySialic Acid Nanoparticles Actuate Complement-Factor-H-Mediated Inhibition of the Alternative Complement Pathway: A Safer Potential Therapy for Age-Related Macular Degeneration,2024
T0697,https://www.ncbi.nlm.nih.gov/pmc/articles/PMC11054293/,Improved Recovery of Complete Spinal Cord Transection by a Plasma-Modified Fibrillar Scaffold,2024
T3497,https://www.ncbi.nlm.nih.gov/pmc/articles/PMC11054387/,Mesenchymal Stem Cell Priming: Potential Benefits of Administration of Molecular Hydrogen,2024
T0697,https://www.ncbi.nlm.nih.gov/pmc/articles/PMC11054575/,"Spontaneous Lesions of Endangered Geriatric Julia Creek Dunnarts (Sminthopsis douglasi, Archer 1979) with Emphasis in Reproductive Pathology",2024
T9512,https://www.ncbi.nlm.nih.gov/pmc/articles/PMC11054759/,"Obacunone, a Promising Phytochemical Triterpenoid: Research Progress on Its Pharmacological Activity and Mechanism",2024
T0651,https://www.ncbi.nlm.nih.gov/pmc/articles/PMC11054825/,Targeting Mitochondria for Cancer Treatment,2024
T9512,https://www.ncbi.nlm.nih.gov/pmc/articles/PMC11054966/,Overview of Ethnobotanical–Pharmacological Studies Carried Out on Medicinal Plants from the Serra da Estrela Natural Park: Focus on Their Antidiabetic Potential,2024
T4829,https://www.ncbi.nlm.nih.gov/pmc/articles/PMC11055030/,The Ocean’s Pharmacy: Health Discoveries in Marine Algae,2024
T7395,https://www.ncbi.nlm.nih.gov/pmc/articles/PMC11055715/,Post-acute exercise cardiovagal modulation in older male adults with and without type 2 diabetes,2023
T8390,https://www.ncbi.nlm.nih.gov/pmc/articles/PMC11055734/,Physiological and pathological effects of phase separation in the central nervous system,2024
T4880,https://www.ncbi.nlm.nih.gov/pmc/articles/PMC11055738/,Multiple system atrophy: an update and emerging directions of biomarkers and clinical trials,2024
T4829,https://www.ncbi.nlm.nih.gov/pmc/articles/PMC11055859/,Oral microbial signatures associated with age and frailty in Canadian adults,2024
T5077,https://www.ncbi.nlm.nih.gov/pmc/articles/PMC11055915/,The crosstalk between mitochondrial quality control and metal-dependent cell death,2024
T1424,https://www.ncbi.nlm.nih.gov/pmc/articles/PMC11055985/,Metochalcone induces senescence-associated secretory phenotype via JAK2/STAT3 pathway in breast cancer,2024
T0651,https://www.ncbi.nlm.nih.gov/pmc/articles/PMC11055986/,A comparative in vitro study on the effect of SGLT2 inhibitors on chemosensitivity to doxorubicin in MCF-7 breast cancer cells,2024
T0697,https://www.ncbi.nlm.nih.gov/pmc/articles/PMC11055988/,Deciphering resistance mechanisms and novel strategies to overcome drug resistance in ovarian cancer: a comprehensive review,2024
T0651,https://www.ncbi.nlm.nih.gov/pmc/articles/PMC11056379/,A positive feedback inhibition of isocitrate dehydrogenase 3β on paired-box gene 6 promotes Alzheimer-like pathology,2024
T2849,https://www.ncbi.nlm.nih.gov/pmc/articles/PMC11056553/,Hippocampal neuroimmune response in mice undergoing serial daily torpor induced by calorie restriction,2024
T5125,https://www.ncbi.nlm.nih.gov/pmc/articles/PMC11056569/,Adaptive immunity and atherosclerosis: aging at its crossroads,2024
T7379,https://www.ncbi.nlm.nih.gov/pmc/articles/PMC11056574/,Identification and validation of aging-related genes in heart failure based on multiple machine learning algorithms,2024
T1424,https://www.ncbi.nlm.nih.gov/pmc/articles/PMC11056633/,Effects of high glucose and severe hypoxia on the biological behavior of mesenchymal stem cells at various passages,2024
T3497,https://www.ncbi.nlm.nih.gov/pmc/articles/PMC11056634/,Mesenchymal stem cells and their derived exosomes for the treatment of COVID-19,2024
T7379,https://www.ncbi.nlm.nih.gov/pmc/articles/PMC11056821/,Cetuximab chemotherapy resistance: Insight into the homeostatic evolution of head and neck cancer (Review),2024
T9512,https://www.ncbi.nlm.nih.gov/pmc/articles/PMC11056850/,Identification of mitophagy‐associated proteins profile as potential plasma biomarkers of idiopathic Parkinson's disease,2023
T0651,https://www.ncbi.nlm.nih.gov/pmc/articles/PMC11056900/,Progress of mitochondrial and endoplasmic reticulum-associated signaling and its regulation of chronic liver disease by Chinese medicine,2024
T0697,https://www.ncbi.nlm.nih.gov/pmc/articles/PMC11057094/,"Safety and efficacy of umbilical cord tissue-derived mesenchymal stem cells in the treatment of patients with aging frailty: a phase I/II randomized, double-blind, placebo-controlled study",2024
T0697,https://www.ncbi.nlm.nih.gov/pmc/articles/PMC11057680/,Sustained activation of NF-κB through constitutively active IKKβ leads to senescence bypass in murine dermal fibroblasts,2024
T2620,https://www.ncbi.nlm.nih.gov/pmc/articles/PMC11057954/,Tissue Regeneration on Rise: Dental Hard Tissue Regeneration and Challenges—A Narrative Review,2024
T0651,https://www.ncbi.nlm.nih.gov/pmc/articles/PMC11057996/,携带线粒体tRNAMet 4435A>G和核基因YARS2突变的原发性高血压家系遗传学分析,2024
T1507,https://www.ncbi.nlm.nih.gov/pmc/articles/PMC11058068/, pyaging: a Python-based compendium of GPU-optimized aging clocks,2024
T9580,https://www.ncbi.nlm.nih.gov/pmc/articles/PMC11058087/,Proteomics appending a complementary dimension to precision oncotherapy,2024
T1424,https://www.ncbi.nlm.nih.gov/pmc/articles/PMC11058314/,"Relationships between protein degradation, cellular senescence, and organismal aging",2024
T1424,https://www.ncbi.nlm.nih.gov/pmc/articles/PMC11058315/,Therapeutic strategies targeting cellular senescence for cancer and other diseases,2024
T0697,https://www.ncbi.nlm.nih.gov/pmc/articles/PMC11058390/,Finding a Link between Obesity and Senescence: A Systematic Review and Meta-Analysis,2024
T1424,https://www.ncbi.nlm.nih.gov/pmc/articles/PMC11058782/,VC-resist glioblastoma cell state: vessel co-option as a key driver of chemoradiation resistance,2024
T0651,https://www.ncbi.nlm.nih.gov/pmc/articles/PMC11058795/,Delineating the heterogeneity of senescence-induced-functional alterations in hepatocytes,2024
T9512,https://www.ncbi.nlm.nih.gov/pmc/articles/PMC11058861/,Comparing the efficacy of concomitant treatment of resistance exercise and creatine monohydrate versus multiple individual therapies in age related sarcopenia,2024
T5125,https://www.ncbi.nlm.nih.gov/pmc/articles/PMC11058911/,Inflammation in heart failure: pathophysiology and therapeutic strategies,2024
T9512,https://www.ncbi.nlm.nih.gov/pmc/articles/PMC11058998/,Pleiotropic physiological functions of Piezo1 in human body and its effect on malignant behavior of tumors,2024
T1507,https://www.ncbi.nlm.nih.gov/pmc/articles/PMC11059213/,Transcriptomic evaluation of tau and TDP-43 synergism shows tauopathy predominance and reveals potential modulating targets,2024
T0651,https://www.ncbi.nlm.nih.gov/pmc/articles/PMC11059251/,Peripheral Blood Cells From Older Adults Exhibit Sex-Associated Differences in Mitochondrial Function,2024
T0651,https://www.ncbi.nlm.nih.gov/pmc/articles/PMC11059380/,Age-dependent loss of Crls1 causes myopathy and skeletal muscle regeneration failure,2024
T1507,https://www.ncbi.nlm.nih.gov/pmc/articles/PMC11059947/,Mitochondrial Deoxyribonucleic Acid Copy Number Elevation As a Predictor for Extended Survival and Favorable Outcomes in High-Grade Brain Tumor Patients: A Malaysian Study,2024
T6004,https://www.ncbi.nlm.nih.gov/pmc/articles/PMC11059995/,Fracture discrimination capability of ulnar flexural rigidity measured via Cortical Bone Mechanics Technology: study protocol for The STRONGER Study,2024
T1424,https://www.ncbi.nlm.nih.gov/pmc/articles/PMC11059999/,Aging effects on osteoclast progenitor dynamics affect variability in bone turnover via feedback regulation,2024
T9512,https://www.ncbi.nlm.nih.gov/pmc/articles/PMC11060230/,Iron chelators: as therapeutic agents in diseases,2024
T9512,https://www.ncbi.nlm.nih.gov/pmc/articles/PMC11060490/,Sequestosome 1 (p62) mitigates hypoxia-induced cardiac dysfunction by stabilizing hypoxia-inducible factor 1α and nuclear factor erythroid 2-related factor 2,2024
T5125,https://www.ncbi.nlm.nih.gov/pmc/articles/PMC11060583/,"HEBE project: Healthy aging versus inflamm-aging: The role of physical exercise in modulating the biomarkers of age-associated and environmentally determined chronic diseases, study protocol",2024
T1507,https://www.ncbi.nlm.nih.gov/pmc/articles/PMC11060710/,Associations of combined phenotypic aging and genetic risk with incident cancer: A prospective cohort study,2024
T1424,https://www.ncbi.nlm.nih.gov/pmc/articles/PMC11060735/,An in vivo screening platform identifies senolytic compounds that target p16INK4a+ fibroblasts in lung fibrosis,2024
T1424,https://www.ncbi.nlm.nih.gov/pmc/articles/PMC11060745/,A pipeline for senolytics,2024
T9512,https://www.ncbi.nlm.nih.gov/pmc/articles/PMC11060748/,Cirbp suppression compromises DHODH-mediated ferroptosis defense and attenuates hypothermic cardioprotection in an aged donor transplantation model,2024
T1424,https://www.ncbi.nlm.nih.gov/pmc/articles/PMC11060870/,Cellular senescence of granulosa cells in the pathogenesis of polycystic ovary syndrome,2024
T1424,https://www.ncbi.nlm.nih.gov/pmc/articles/PMC11060996/,Osteocytes and Paget’s Disease of Bone,2024
T3497,https://www.ncbi.nlm.nih.gov/pmc/articles/PMC11061004/,Extracellular Vesicles and Exosomes in the Control of the Musculoskeletal Health,2024
T0651,https://www.ncbi.nlm.nih.gov/pmc/articles/PMC11061203/,Mitochondrial antioxidant elamipretide improves learning and memory impairment induced by chronic sleep deprivation in mice,2024
T9996,https://www.ncbi.nlm.nih.gov/pmc/articles/PMC11061375/,Chinese medicine in the treatment of non-alcoholic fatty liver disease based on network pharmacology: a review,2024
T9512,https://www.ncbi.nlm.nih.gov/pmc/articles/PMC11061391/,Research on the metabolic regulation mechanism of Yangyin Qingfei decoction plus in severe pneumonia caused by Mycoplasma pneumoniae in mice,2024
T1424,https://www.ncbi.nlm.nih.gov/pmc/articles/PMC11061424/,A new perspective on prostate cancer treatment: the interplay between cellular senescence and treatment resistance,2024
T0651,https://www.ncbi.nlm.nih.gov/pmc/articles/PMC11061492/,Mechanisms of mitochondrial dysfunction in ovarian aging and potential interventions,2024
T9512,https://www.ncbi.nlm.nih.gov/pmc/articles/PMC11061536/,Role of nutraceutical against exposure to pesticide residues: power of bioactive compounds,2024
T9580,https://www.ncbi.nlm.nih.gov/pmc/articles/PMC11061617/,Biomaterial-enhanced treg cell immunotherapy: A promising approach for transplant medicine and autoimmune disease treatment,2024
T1424,https://www.ncbi.nlm.nih.gov/pmc/articles/PMC11061709/,Macrophage based drug delivery: Key challenges and strategies,2024
T0651,https://www.ncbi.nlm.nih.gov/pmc/articles/PMC11061967/,"N, N-Dimethyltryptamine, a natural hallucinogen, ameliorates Alzheimer’s disease by restoring neuronal Sigma-1 receptor-mediated endoplasmic reticulum-mitochondria crosstalk",2024
T0697,https://www.ncbi.nlm.nih.gov/pmc/articles/PMC11062027/,Association of the immediate perioperative dynamics of circulating DNA levels and neutrophil extracellular traps formation in cancer patients,2024
T8390,https://www.ncbi.nlm.nih.gov/pmc/articles/PMC11062141/,Impact of diabetes mellitus on osteoarthritis: a scoping review on biomarkers,2024
T9512,https://www.ncbi.nlm.nih.gov/pmc/articles/PMC11062184/,Adventitious rooting in response to long-term cold: a possible mechanism of clonal growth in alpine perennials,2024
T4829,https://www.ncbi.nlm.nih.gov/pmc/articles/PMC11062370/,"Sweet, bloody consumption – what we eat and how it affects vascular ageing, the BBB and kidney health in CKD",2024
T2936,https://www.ncbi.nlm.nih.gov/pmc/articles/PMC11062616/,The interaction between gut microbiome and bone health,2024
T1424,https://www.ncbi.nlm.nih.gov/pmc/articles/PMC11062927/,Multimodal cell atlas of the ageing human skeletal muscle,2024
T1424,https://www.ncbi.nlm.nih.gov/pmc/articles/PMC11063017/,Neutrophil-activating secretome characterizes palbociclib-induced senescence of breast cancer cells,2024
T9512,https://www.ncbi.nlm.nih.gov/pmc/articles/PMC11063110/,Redox Biomarkers – An Effective Tool for Diagnosing COVID-19 Patients and Convalescents,2024
T1507,https://www.ncbi.nlm.nih.gov/pmc/articles/PMC11063135/,How to obtain an integrated picture of the molecular networks involved in adaptation to microgravity in different biological systems?,2024
T8390,https://www.ncbi.nlm.nih.gov/pmc/articles/PMC11063162/,Transcriptome analysis of cardiac endothelial cells after myocardial infarction reveals temporal changes and long-term deficits,2024
T0651,https://www.ncbi.nlm.nih.gov/pmc/articles/PMC11063201/,The role of IFI16 in regulating PANoptosis and implication in heart diseases,2024
T1507,https://www.ncbi.nlm.nih.gov/pmc/articles/PMC11063328/,The occurrence and development of induced pluripotent stem cells,2024
T9545,https://www.ncbi.nlm.nih.gov/pmc/articles/PMC11063338/,Childhood unpredictability and sleep quality in adulthood: the mediating roles of life history strategy and perceived stress,2024
T5029,https://www.ncbi.nlm.nih.gov/pmc/articles/PMC11063371/,Global research trends and emerging opportunities for integrin adhesion complexes in cardiac repair: a scientometric analysis,2024
T4829,https://www.ncbi.nlm.nih.gov/pmc/articles/PMC11063379/,The causality of gut microbiota on onset and progression of sepsis: a bi-directional Mendelian randomization analysis,2024
T3497,https://www.ncbi.nlm.nih.gov/pmc/articles/PMC11063519/,Dynamically stiffening biomaterials reveal age- and sex-specific differences in pulmonary arterial adventitial fibroblast activation,2024
T3497,https://www.ncbi.nlm.nih.gov/pmc/articles/PMC11063643/,Integrated proteomic profiling identifies amino acids selectively cytotoxic to pancreatic cancer cells,2024
T5029,https://www.ncbi.nlm.nih.gov/pmc/articles/PMC11063650/,Sebaceous gland organoid engineering,2024
T9512,https://www.ncbi.nlm.nih.gov/pmc/articles/PMC11063751/,Deciphering microglial activation and neuronal apoptosis post‑traumatic brain injury: The role of TYROBP in inflammation regulation networks,2024
T1424,https://www.ncbi.nlm.nih.gov/pmc/articles/PMC11063870/,Impaired hemoglobin clearance by sinusoidal endothelium promotes vaso-occlusion and liver injury in sickle cell disease,2023
T7008,https://www.ncbi.nlm.nih.gov/pmc/articles/PMC11063933/,Tubular CPT1A deletion minimally affects aging and chronic kidney injury,2024
T1424,https://www.ncbi.nlm.nih.gov/pmc/articles/PMC11064188/,Study on the Mechanism of Yadanzi Oil in Treating Lung Cancer Based on Network Pharmacology and Molecular Docking Technology,2024
T9996,https://www.ncbi.nlm.nih.gov/pmc/articles/PMC11064223/,Adopting Mechanistic Molecular Biology Approaches in Exposome Research for Causal Understanding,2024
T9512,https://www.ncbi.nlm.nih.gov/pmc/articles/PMC11064295/,Association between plasma metal exposure and health span in very elderly adults: a prospective cohort study with mixture statistical approach,2024
T9512,https://www.ncbi.nlm.nih.gov/pmc/articles/PMC11064363/,Type 2 diabetic mellitus related osteoporosis: focusing on ferroptosis,2024
T3891,https://www.ncbi.nlm.nih.gov/pmc/articles/PMC11064399/,Bone marrow mesenchymal stem cell-derived exosomes shuttle microRNAs to endometrial stromal fibroblasts that promote tissue proliferation /regeneration/ and inhibit differentiation,2024
T4829,https://www.ncbi.nlm.nih.gov/pmc/articles/PMC11064519/,Analyzing the safety of the parasiticide fungus Mucor circinelloides: first insights on its virulence profile and interactions with the avian gut microbial community,2024
T3891,https://www.ncbi.nlm.nih.gov/pmc/articles/PMC11064847/,Unlocking the potential of exosomes: a breakthrough in the theranosis of degenerative orthopaedic diseases,2024
T3497,https://www.ncbi.nlm.nih.gov/pmc/articles/PMC11065115/,Systems Approaches to Cell Culture-Derived Extracellular Vesicles for Acute Kidney Injury Therapy: Prospects and Challenges,2024
T3891,https://www.ncbi.nlm.nih.gov/pmc/articles/PMC11065237/,Aging in zebrafish is associated with reduced locomotor activity and strain dependent changes in bottom dwelling and thigmotaxis,2024
T9545,https://www.ncbi.nlm.nih.gov/pmc/articles/PMC11065475/,Current global status of male reproductive health,2024
T2546,https://www.ncbi.nlm.nih.gov/pmc/articles/PMC11065703/,Characterisation of premature cell senescence in Alzheimer’s disease using single nuclear transcriptomics,2024
T1507,https://www.ncbi.nlm.nih.gov/pmc/articles/PMC11065862/,Association between biological aging and diabetic retinopathy,2024
T5430,https://www.ncbi.nlm.nih.gov/pmc/articles/PMC11065868/,Association between biological aging and periodontitis using NHANES 2009–2014 and mendelian randomization,2024
T1507,https://www.ncbi.nlm.nih.gov/pmc/articles/PMC11066062/,Disease related changes in ATAC-seq of iPSC-derived motor neuron lines from ALS patients and controls,2024
T1507,https://www.ncbi.nlm.nih.gov/pmc/articles/PMC11066302/,Chronic pain as an emergent property of a complex system and the potential roles of psychedelic therapies,2024
T2546,https://www.ncbi.nlm.nih.gov/pmc/articles/PMC11066435/,Guidelines for the role of autophagy in drug delivery vectors uptake pathways,2024
T9996,https://www.ncbi.nlm.nih.gov/pmc/articles/PMC11066598/,"Randomized controlled trials of non-pharmacological interventions for healthy seniors: Effects on cognitive decline, brain plasticity and activities of daily living—A 23-year scoping review",2024
T9512,https://www.ncbi.nlm.nih.gov/pmc/articles/PMC11066689/,"Obesity, dyslipidemia, and cardiovascular disease: A joint expert review from the Obesity Medicine Association and the National Lipid Association 2024",2024
T9512,https://www.ncbi.nlm.nih.gov/pmc/articles/PMC11067114/,"Emerging technology has a brilliant future: the CRISPR-Cas system for senescence, inflammation, and cartilage repair in osteoarthritis",2024
T1424,https://www.ncbi.nlm.nih.gov/pmc/articles/PMC11067244/,Single-sEV profiling identifies the TACSTD2 + sEV subpopulation as a factor of tumor susceptibility in the elderly,2024
T9512,https://www.ncbi.nlm.nih.gov/pmc/articles/PMC11067304/,Ion channel Piezo1 activation aggravates the endothelial dysfunction under a high glucose environment,2024
T0651,https://www.ncbi.nlm.nih.gov/pmc/articles/PMC11067340/,Mitochondrial transplantation exhibits neuroprotective effects and improves behavioral deficits in an animal model of Parkinson's disease,2024
T1424,https://www.ncbi.nlm.nih.gov/pmc/articles/PMC11067450/,Senolytic and senomorphic agent procyanidin C1 alleviates structural and functional decline in the aged retina,2024
T5125,https://www.ncbi.nlm.nih.gov/pmc/articles/PMC11067727/,Prior infections are associated with smaller hippocampal volume in older women,2024
T4829,https://www.ncbi.nlm.nih.gov/pmc/articles/PMC11067770/,"ß-Hydroxy-ß-methylbutyrate: A feed supplement influencing performance, bone metabolism, intestinal morphology, and muscle quality of laying hens: a preliminary one-point study",2024
T8390,https://www.ncbi.nlm.nih.gov/pmc/articles/PMC11067774/,"Effects of L-Leu-L-Leu peptide on growth, proliferation, and apoptosis in broiler intestinal epithelial cells",2024
T5430,https://www.ncbi.nlm.nih.gov/pmc/articles/PMC11068008/,"Early-life exposure to tobacco, genetic susceptibility, and accelerated biological aging in adulthood",2024
T9512,https://www.ncbi.nlm.nih.gov/pmc/articles/PMC11068043/,The Molecular Biological Mechanism of Hydrogen Therapy and Its Application in Spinal Cord Injury,2024
T5029,https://www.ncbi.nlm.nih.gov/pmc/articles/PMC11068057/,Advancing Tissue Damage Repair in Geriatric Diseases: Prospects of Combining Stem Cell-Derived Exosomes with Hydrogels,2024
T3891,https://www.ncbi.nlm.nih.gov/pmc/articles/PMC11068303/,"Hair cell regeneration, reinnervation, and restoration of hearing thresholds in the avian hearing organ",2024
T2849,https://www.ncbi.nlm.nih.gov/pmc/articles/PMC11068357/,Metabolic and neurobehavioral disturbances induced by purine recycling deficiency in Drosophila,2024
T9512,https://www.ncbi.nlm.nih.gov/pmc/articles/PMC11068621/,Prophylactic zinc and therapeutic selenium administration in adult rats prevents long-term cognitive and behavioral sequelae by a transient ischemic attack,2024
T9512,https://www.ncbi.nlm.nih.gov/pmc/articles/PMC11068691/,Exosomal YB-1 facilitates ovarian restoration by MALAT1/miR-211-5p/FOXO3 axis,2024
T7008,https://www.ncbi.nlm.nih.gov/pmc/articles/PMC11068934/,Systems genetics analysis of human body fat distribution genes identifies adipocyte processes,2024
T9512,https://www.ncbi.nlm.nih.gov/pmc/articles/PMC11069002/,The influence of the gut-brain axis on anxiety and depression: A review of the literature on the use of probiotics,2024
T0651,https://www.ncbi.nlm.nih.gov/pmc/articles/PMC11069164/,"Homoharringtonine: updated insights into its efficacy in hematological malignancies, diverse cancers and other biomedical applications",2024
T9512,https://www.ncbi.nlm.nih.gov/pmc/articles/PMC11069203/,The association of depressive symptoms with handgrip strength and gait speed in community-dwelling older adults: data from the baseline phase of Birjand Longitudinal Aging Study,2024
T4829,https://www.ncbi.nlm.nih.gov/pmc/articles/PMC11069313/,Approach to the diagnosis and management of dysbiosis,2024
T8390,https://www.ncbi.nlm.nih.gov/pmc/articles/PMC11070163/,Potential Effects of Traditional Chinese Medicine in Anti-Aging and Aging-Related Diseases: Current Evidence and Perspectives,2024
T1424,https://www.ncbi.nlm.nih.gov/pmc/articles/PMC11070439/,The effects of myosteatosis on skeletal muscle function in older adults,2024
T1424,https://www.ncbi.nlm.nih.gov/pmc/articles/PMC11070511/,Potential roles of gangliosides in chemical-induced neurodegenerative diseases and mental health disorders,2024
T0651,https://www.ncbi.nlm.nih.gov/pmc/articles/PMC11070528/,Detection of elevated levels of PINK1 in plasma from patients with idiopathic Parkinson’s disease,2024
T4829,https://www.ncbi.nlm.nih.gov/pmc/articles/PMC11070632/,Food for thought: Making the case for food produced via regenerative agriculture in the battle against non-communicable chronic diseases (NCDs),2024
T9996,https://www.ncbi.nlm.nih.gov/pmc/articles/PMC11070633/,SAH is a major metabolic sensor mediating worsening metabolic crosstalk in metabolic syndrome,2024
T1507,https://www.ncbi.nlm.nih.gov/pmc/articles/PMC11070777/,Role and mechanism of NCAPD3 in promoting malignant behaviors in gastric cancer,2024
T1424,https://www.ncbi.nlm.nih.gov/pmc/articles/PMC11070836/,Evaluation of women’s aging influence on sperm passage inside the fallopian tube using 3D dynamic mechanical modeling,2024
T4829,https://www.ncbi.nlm.nih.gov/pmc/articles/PMC11071217/,"High-fat diet, microbiome-gut-brain axis signaling, and anxiety-like behavior in male rats",2024
T3497,https://www.ncbi.nlm.nih.gov/pmc/articles/PMC11071275/,Aberrant activation of TGF-β/ROCK1 enhances stemness during prostatic stromal hyperplasia,2024
T7395,https://www.ncbi.nlm.nih.gov/pmc/articles/PMC11071353/,Microglial MyD88-dependent pathways are regulated in a sex-specific manner in the context of HMGB1-induced anxiety,2024
T9512,https://www.ncbi.nlm.nih.gov/pmc/articles/PMC11071479/,Lactate transport inhibition therapeutically reprograms fibroblast metabolism in experimental pulmonary fibrosis,2024
T8390,https://www.ncbi.nlm.nih.gov/pmc/articles/PMC11071505/,Identification of high sugar diet-induced dysregulated metabolic pathways in muscle using tissue-specific metabolic models in Drosophila,2024
T1507,https://www.ncbi.nlm.nih.gov/pmc/articles/PMC11072137/,Emerging roles of mitochondrial functions and epigenetic changes in the modulation of stem cell fate,2024
T4880,https://www.ncbi.nlm.nih.gov/pmc/articles/PMC11073439/,Nuclear and degradative functions of the ESCRT-III pathway: implications for neurodegenerative disease,2024
T5430,https://www.ncbi.nlm.nih.gov/pmc/articles/PMC11073997/,Clonal hematopoiesis and its impact on the aging osteo-hematopoietic niche,2024
T9512,https://www.ncbi.nlm.nih.gov/pmc/articles/PMC11074037/,"Obesity, body fat distribution and eye diseases",2024
T7008,https://www.ncbi.nlm.nih.gov/pmc/articles/PMC11074454/,Insights into the structure and function of the hippocampus: implications for the pathophysiology and treatment of autism spectrum disorder,2024
T9512,https://www.ncbi.nlm.nih.gov/pmc/articles/PMC11074471/,Emerging insights into cuproptosis and copper metabolism: implications for age-related diseases and potential therapeutic strategies,2024
T3497,https://www.ncbi.nlm.nih.gov/pmc/articles/PMC11074623/,Thermotolerance in S. cerevisiae as a model to study extracellular vesicle biology,2024
T8390,https://www.ncbi.nlm.nih.gov/pmc/articles/PMC11074800/,Appetite- and Weight-Regulating Neuroendocrine Circuitry in Hypothalamic Obesity,2023
T9512,https://www.ncbi.nlm.nih.gov/pmc/articles/PMC11074979/,Regulation of FSP1 myristoylation by NADPH: A novel mechanism for ferroptosis inhibition,2024
T9512,https://www.ncbi.nlm.nih.gov/pmc/articles/PMC11074998/,Exploring unconventional attributes of red blood cells and their potential applications in biomedicine,2024
T4880,https://www.ncbi.nlm.nih.gov/pmc/articles/PMC11075111/,Aging hallmarks of the primate ovary revealed by spatiotemporal transcriptomics,2023
T2849,https://www.ncbi.nlm.nih.gov/pmc/articles/PMC11075538/,Dietary restriction fails to extend lifespan of Drosophila model of Werner syndrome,2024
T9545,https://www.ncbi.nlm.nih.gov/pmc/articles/PMC11075631/,A study protocol for identifying aging trajectories toward chronic neurodegenerative diseases by means of Marche regional administrative databases – TREND project,2024
T7008,https://www.ncbi.nlm.nih.gov/pmc/articles/PMC11075665/,Clinical evidence and potential mechanisms of traditional Chinese medicine for refractory heart failure: a literature review and perspectives,2024
T2849,https://www.ncbi.nlm.nih.gov/pmc/articles/PMC11075744/,Liver-derived plasminogen mediates muscle stem cell expansion during caloric restriction through the plasminogen receptor Plg-RKT,2024
T0697,https://www.ncbi.nlm.nih.gov/pmc/articles/PMC11075762/,Combined Nutrition with Exercise: Fueling the Fight Against Sarcopenia Through a Bibliometric Analysis and Review,2024
T0651,https://www.ncbi.nlm.nih.gov/pmc/articles/PMC11076046/,"Uncharacterized yeast gene YBR238C, an effector of TORC1 signaling in a mitochondrial feedback loop, accelerates cellular aging via HAP4- and RMD9-dependent mechanisms",2024
T1507,https://www.ncbi.nlm.nih.gov/pmc/articles/PMC11076285/,Specific exercise patterns generate an epigenetic molecular memory window that drives long-term memory formation and identifies ACVR1C as a bidirectional regulator of memory in mice,2024
T4829,https://www.ncbi.nlm.nih.gov/pmc/articles/PMC11076489/,Lactobacillus paracasei subsp. paracasei 2004 improves health and lifespan in Caenorhabditis elegans,2024
T9512,https://www.ncbi.nlm.nih.gov/pmc/articles/PMC11076507/,Palmitic acid induces lipid droplet accumulation and senescence in nucleus pulposus cells via ER-stress pathway,2024
T1507,https://www.ncbi.nlm.nih.gov/pmc/articles/PMC11076560/,Aging-regulated PNUTS maintains endothelial barrier function via SEMA3B suppression,2024
T0697,https://www.ncbi.nlm.nih.gov/pmc/articles/PMC11076581/,Comprehensive pan-cancer analysis of inflammatory age-clock-related genes as prognostic and immunity markers based on multi-omics data,2024
T7395,https://www.ncbi.nlm.nih.gov/pmc/articles/PMC11076649/,Network analysis to explore the anti-senescence mechanism of Jinchan Yishen Tongluo Formula (JCYSTLF) in diabetic kidneys,2024
T0651,https://www.ncbi.nlm.nih.gov/pmc/articles/PMC11076696/,Glucagon-like peptide-1 receptor agonists: new strategies and therapeutic targets to treat atherosclerotic cardiovascular disease,2024
T1507,https://www.ncbi.nlm.nih.gov/pmc/articles/PMC11076712/,The pharmacoepigenetic paradigm in cancer treatment,2024
T4829,https://www.ncbi.nlm.nih.gov/pmc/articles/PMC11076757/,Shenling Baizhu San ameliorates non-alcoholic fatty liver disease in mice by modulating gut microbiota and metabolites,2024
T1424,https://www.ncbi.nlm.nih.gov/pmc/articles/PMC11076839/,The two-directional prospective association between inflammatory bowel disease and neurodegenerative disorders: a systematic review and meta-analysis based on longitudinal studies,2024
T1424,https://www.ncbi.nlm.nih.gov/pmc/articles/PMC11076992/,MAP4K4 and WT1 mediate SOX6‐induced cellular senescence by synergistically activating the ATF2–TGFβ2–Smad2/3 signaling pathway in cervical cancer,2024
T9512,https://www.ncbi.nlm.nih.gov/pmc/articles/PMC11077150/,Chang'an decoction (肠安方) alleviates endoplasmic reticulum stress by regulating mitofusin 2 to improve colitis,2024
T4829,https://www.ncbi.nlm.nih.gov/pmc/articles/PMC11077220/,Effects of enzymatic hydrolysis technology on the physicochemical properties and biological activities of American ginseng beverages,2024
T2849,https://www.ncbi.nlm.nih.gov/pmc/articles/PMC11077335/,A scenario of unhealthy life cycle: The role of circadian rhythms in health,2024
T1424,https://www.ncbi.nlm.nih.gov/pmc/articles/PMC11077376/,Dysfunction of STING Autophagy Degradation in Senescent Nucleus Pulposus Cells Accelerates Intervertebral Disc Degeneration,2024
T2546,https://www.ncbi.nlm.nih.gov/pmc/articles/PMC11077378/,"Autophagy in Its (Proper) Context: Molecular Basis, Biological Relevance, Pharmacological Modulation, and Lifestyle Medicine",2024
T9996,https://www.ncbi.nlm.nih.gov/pmc/articles/PMC11077725/,A method for mining condition-specific co-expressed genes in Camellia sinensis based on k-means clustering,2024
T9512,https://www.ncbi.nlm.nih.gov/pmc/articles/PMC11077735/,The association of protein-bound methionine sulfoxide with proteomic basis for aging in beech seeds,2024
T1507,https://www.ncbi.nlm.nih.gov/pmc/articles/PMC11077829/,Understanding the immunosuppressive microenvironment of glioma: mechanistic insights and clinical perspectives,2024
T0697,https://www.ncbi.nlm.nih.gov/pmc/articles/PMC11077870/,"Safety and efficacy of autologous adipose tissue-derived stem cell transplantation in aging-related low-grade inflammation patients: a single-group, open-label, phase I clinical trial",2024
T0651,https://www.ncbi.nlm.nih.gov/pmc/articles/PMC11077895/,Promoting Alzheimer’s disease research and therapy with stem cell technology,2024
T4829,https://www.ncbi.nlm.nih.gov/pmc/articles/PMC11077962/,Gut-associated functions are favored during microbiome assembly across a major part of C. elegans life,2024
T0697,https://www.ncbi.nlm.nih.gov/pmc/articles/PMC11078023/,Towards early diagnosis of Alzheimer’s disease: advances in immune-related blood biomarkers and computational approaches,2024
T0697,https://www.ncbi.nlm.nih.gov/pmc/articles/PMC11078074/,New insight of square stepping exercise in immune fine-tuning for anticipating emerging pandemics,2024
T5029,https://www.ncbi.nlm.nih.gov/pmc/articles/PMC11078165/,Impact of Obesity and Age on Mouse Corneal Innervation at the Epithelial-Stromal Interface,2024
T3891,https://www.ncbi.nlm.nih.gov/pmc/articles/PMC11078437/,"Evaluation of DNAmAge in paired fresh, frozen, and formalin-fixed paraffin-embedded heart tissues",2024
T7395,https://www.ncbi.nlm.nih.gov/pmc/articles/PMC11078917/,"An overview on glycation: molecular mechanisms, impact on proteins, pathogenesis, and inhibition",2024
T4829,https://www.ncbi.nlm.nih.gov/pmc/articles/PMC11078963/,Bacteroidota inhibit microglia clearance of amyloid-beta and promote plaque deposition in Alzheimer’s disease mouse models,2024
T1424,https://www.ncbi.nlm.nih.gov/pmc/articles/PMC11078990/,Identification and characterization of small molecule inhibitors of the LINE-1 retrotransposon endonuclease,2024
T9580,https://www.ncbi.nlm.nih.gov/pmc/articles/PMC11079006/,Repression of developmental transcription factor networks triggers aging-associated gene expression in human glial progenitor cells,2024
T0651,https://www.ncbi.nlm.nih.gov/pmc/articles/PMC11079053/,"Evaluation of the immune system status and hematological dyscrasias, among amphetamine and cannabis abusers at Eradah Hospital in Qassim, Saudi Arabia",2024
T4829,https://www.ncbi.nlm.nih.gov/pmc/articles/PMC11079080/,Periodic heat waves-induced neuronal etiology in the elderly is mediated by gut-liver-brain axis: a transcriptome profiling approach,2024
T9545,https://www.ncbi.nlm.nih.gov/pmc/articles/PMC11079147/,What is driving the global decline of human fertility? Need for a multidisciplinary approach to the underlying mechanisms,2024
T9512,https://www.ncbi.nlm.nih.gov/pmc/articles/PMC11079283/,Epigenetic modifications of DNA and RNA in Alzheimer’s disease,2024
T9545,https://www.ncbi.nlm.nih.gov/pmc/articles/PMC11079300/,Targeting papez circuit for cognitive dysfunction- insights into deep brain stimulation for Alzheimer's disease,2024
T9512,https://www.ncbi.nlm.nih.gov/pmc/articles/PMC11079309/,The Intersection of cerebral cholesterol metabolism and Alzheimer's disease: Mechanisms and therapeutic prospects,2024
T1424,https://www.ncbi.nlm.nih.gov/pmc/articles/PMC11079528/,M2 macrophage-derived TGF-β induces age-associated loss of adipogenesis through progenitor cell senescence,2024
T0651,https://www.ncbi.nlm.nih.gov/pmc/articles/PMC11079868/,"Synthesis of Novel Hydrazide–Hydrazone Compounds and In Vitro and In Silico Investigation of Their Biological Activities against AChE, BChE, and hCA I and II",2024
T1424,https://www.ncbi.nlm.nih.gov/pmc/articles/PMC11079973/,Chemical Strategies for the Detection and Elimination of Senescent Cells,2024
T8390,https://www.ncbi.nlm.nih.gov/pmc/articles/PMC11080126/,Association between triglyceride glucose-body mass index and long-term adverse outcomes of heart failure patients with coronary heart disease,2024
T1424,https://www.ncbi.nlm.nih.gov/pmc/articles/PMC11080250/,The cGAS-STING pathway in cardiovascular diseases: from basic research to clinical perspectives,2024
T4880,https://www.ncbi.nlm.nih.gov/pmc/articles/PMC11080644/,Senataxin deficiency disrupts proteostasis through nucleolar ncRNA-driven protein aggregation,2024
T3497,https://www.ncbi.nlm.nih.gov/pmc/articles/PMC11080704/,Oxidative stress‐induced changes in the transcriptomic profile of extracellular vesicles,2024
T3497,https://www.ncbi.nlm.nih.gov/pmc/articles/PMC11080793/,Extracellular vesicles and endothelial dysfunction in infectious diseases,2024
T0651,https://www.ncbi.nlm.nih.gov/pmc/articles/PMC11081147/,Glycometabolic Reprogramming of Microglia in Neurodegenerative Diseases: Insights from Neuroinflammation,2024
T4829,https://www.ncbi.nlm.nih.gov/pmc/articles/PMC11081148/,"Advancing Neurological Health: Insights into Aging, Immunity, and Vascular Dynamics",2024
T1424,https://www.ncbi.nlm.nih.gov/pmc/articles/PMC11081160/,Biomarkers of Aging and Relevant Evaluation Techniques: A Comprehensive Review,2024
T5029,https://www.ncbi.nlm.nih.gov/pmc/articles/PMC11081162/,Perspectives on Osteoarthritis Treatment with Mesenchymal Stem Cells and Radix Achyranthis Bidentatae,2024
T0697,https://www.ncbi.nlm.nih.gov/pmc/articles/PMC11081163/,Crosstalk Between Microglia and Müller Glia in the Age-Related Macular Degeneration: Role and Therapeutic Value of Neuroinflammation,2024
T0697,https://www.ncbi.nlm.nih.gov/pmc/articles/PMC11081165/,Age-Related Alterations in Immune Function and Inflammation: Focus on Ischemic Stroke,2024
T5125,https://www.ncbi.nlm.nih.gov/pmc/articles/PMC11081166/,A New Immunological Index for the Elderly: High Proportion of Multiple TCR T Cells Based on scRNA-Seq,2024
T1424,https://www.ncbi.nlm.nih.gov/pmc/articles/PMC11081172/,Role of the Senescence-Associated Factor Dipeptidyl Peptidase 4 in the Pathogenesis of SARS-CoV-2 Infection,2024
T5430,https://www.ncbi.nlm.nih.gov/pmc/articles/PMC11081312/,Conditional independence as a statistical assessment of evidence integration processes,2024
T5029,https://www.ncbi.nlm.nih.gov/pmc/articles/PMC11081481/,Age-Dependent RGS5 Loss in Pericytes Induces Cardiac Dysfunction and Fibrosis,2024
T0697,https://www.ncbi.nlm.nih.gov/pmc/articles/PMC11081569/,"Efficacy and safety of Piwei Peiyuan Prescription in the treatment of chronic atrophic gastritis: A multicenter, double-blind, double-simulated, randomized, controlled clinical trial",2024
T1424,https://www.ncbi.nlm.nih.gov/pmc/articles/PMC11082024/,Physiological aging and inflammation-induced cellular senescence may contribute to oligodendroglial dysfunction in MS,2024
T5029,https://www.ncbi.nlm.nih.gov/pmc/articles/PMC11082347/,Roles of airway and intestinal epithelia in responding to pathogens and maintaining tissue homeostasis,2024
T0486,https://www.ncbi.nlm.nih.gov/pmc/articles/PMC11082579/,The association between circadian syndrome and chronic kidney disease in an aging population: a 4-year follow-up study,2024
T4880,https://www.ncbi.nlm.nih.gov/pmc/articles/PMC11082597/,α-Synuclein: A Promising Biomarker for Parkinson’s Disease and Related Disorders,2024
T9512,https://www.ncbi.nlm.nih.gov/pmc/articles/PMC11082647/,TCM targets ferroptosis: potential treatments for cancer,2024
T4829,https://www.ncbi.nlm.nih.gov/pmc/articles/PMC11082653/,The impact of exercise on the gut microbiota in middle-aged amateur serious runners: a comparative study,2024
T4880,https://www.ncbi.nlm.nih.gov/pmc/articles/PMC11082905/,Protecting Proteins from Desiccation Stress Using Molecular Glasses and Gels,2024
T9512,https://www.ncbi.nlm.nih.gov/pmc/articles/PMC11082943/,Rpt5-Derived Analogs Stimulate Human Proteasome Activity in Cells and Degrade Proteins Forming Toxic Aggregates in Age-Related Diseases,2024
T9996,https://www.ncbi.nlm.nih.gov/pmc/articles/PMC11082968/,Single-Cell Transcriptome Sequencing Reveals Molecular Expression Differences and Marker Genes in Testes during the Sexual Maturation of Mongolian Horses,2024
T0697,https://www.ncbi.nlm.nih.gov/pmc/articles/PMC11082974/,Strengthening the Evidence for a Causal Link between Type 2 Diabetes Mellitus and Pancreatic Cancer: Insights from Two-Sample and Multivariable Mendelian Randomization,2024
T3891,https://www.ncbi.nlm.nih.gov/pmc/articles/PMC11082988/,Targeting Interactions between Fibroblasts and Macrophages to Treat Cardiac Fibrosis,2024
T4829,https://www.ncbi.nlm.nih.gov/pmc/articles/PMC11083012/,The Impact of the Aryl Hydrocarbon Receptor on Antenatal Chemical Exposure-Induced Cardiovascular–Kidney–Metabolic Programming,2024
T0651,https://www.ncbi.nlm.nih.gov/pmc/articles/PMC11083014/,Crosstalk between DNA Damage Repair and Metabolic Regulation in Hematopoietic Stem Cells,2024
T0697,https://www.ncbi.nlm.nih.gov/pmc/articles/PMC11083059/,"Clinical Phenotypes, Serological Biomarkers, and Synovial Features Defining Seropositive and Seronegative Rheumatoid Arthritis: A Literature Review",2024
T0651,https://www.ncbi.nlm.nih.gov/pmc/articles/PMC11083070/,From the Gut to the Brain: Is Microbiota a New Paradigm in Parkinson’s Disease Treatment?,2024
T0697,https://www.ncbi.nlm.nih.gov/pmc/articles/PMC11083163/,HIV-Associated Neurocognitive Disorder: A Look into Cellular and Molecular Pathology,2024
T1424,https://www.ncbi.nlm.nih.gov/pmc/articles/PMC11083308/,A Molecular Perspective and Role of NAD+ in Ovarian Aging,2024
T1507,https://www.ncbi.nlm.nih.gov/pmc/articles/PMC11083335/,Pentraxin 3: A Main Driver of Inflammation and Immune System Dysfunction in the Tumor Microenvironment of Glioblastoma,2024
T1424,https://www.ncbi.nlm.nih.gov/pmc/articles/PMC11083351/,Microcephaly Gene Mcph1 Deficiency Induces p19ARF-Dependent Cell Cycle Arrest and Senescence,2024
T1507,https://www.ncbi.nlm.nih.gov/pmc/articles/PMC11083363/,Deregulation of New Cell Death Mechanisms in Leukemia,2024
T9512,https://www.ncbi.nlm.nih.gov/pmc/articles/PMC11083375/,Olive Flounder By-Product Prozyme2000P Hydrolysate Ameliorates Age-Related Kidney Decline by Inhibiting Ferroptosis,2024
T3497,https://www.ncbi.nlm.nih.gov/pmc/articles/PMC11083420/,Extracellular Vesicles in Pathophysiology: A Prudent Target That Requires Careful Consideration,2024
T8390,https://www.ncbi.nlm.nih.gov/pmc/articles/PMC11083468/,Pin1-Catalyzed Conformation Changes Regulate Protein Ubiquitination and Degradation,2024
T3891,https://www.ncbi.nlm.nih.gov/pmc/articles/PMC11083486/,The Potential Reversible Transition between Stem Cells and Transient-Amplifying Cells: The Limbal Epithelial Stem Cell Perspective,2024
T5029,https://www.ncbi.nlm.nih.gov/pmc/articles/PMC11083509/,CX3CL1 (Fractalkine)-CX3CR1 Axis in Inflammation-Induced Angiogenesis and Tumorigenesis,2024
T5125,https://www.ncbi.nlm.nih.gov/pmc/articles/PMC11083511/,CD4+ T-Cell Senescence in Neurodegenerative Disease: Pathogenesis and Potential Therapeutic Targets,2024
T2936,https://www.ncbi.nlm.nih.gov/pmc/articles/PMC11083558/,An Innovative Probiotic-Based Supplement to Mitigate Molecular Factors Connected to Depression and Anxiety: An In Vitro Study,2024
T2849,https://www.ncbi.nlm.nih.gov/pmc/articles/PMC11083575/,Bone Marrow Adipose Tissue,2024
T4880,https://www.ncbi.nlm.nih.gov/pmc/articles/PMC11083661/,"Advances in Molecular Understanding of Polycythemia Vera, Essential Thrombocythemia, and Primary Myelofibrosis: Towards Precision Medicine",2024
T9512,https://www.ncbi.nlm.nih.gov/pmc/articles/PMC11083700/,"Contemporary Views of the Extraction, Health Benefits, and Industrial Integration of Rice Bran Oil: A Prominent Ingredient for Holistic Human Health",2024
T9512,https://www.ncbi.nlm.nih.gov/pmc/articles/PMC11083845/,Dysregulated brain-gut axis in the setting of traumatic brain injury: review of mechanisms and anti-inflammatory pharmacotherapies,2024
T5029,https://www.ncbi.nlm.nih.gov/pmc/articles/PMC11083853/,The Tumor Stroma of Squamous Cell Carcinoma: A Complex Environment That Fuels Cancer Progression,2024
T1424,https://www.ncbi.nlm.nih.gov/pmc/articles/PMC11083890/,Impaired Remodeling of White Adipose Tissue in Obesity and Aging: From Defective Adipogenesis to Adipose Organ Dysfunction,2024
T9512,https://www.ncbi.nlm.nih.gov/pmc/articles/PMC11083932/,"Design of Mixed Medicinal Plants, Rich in Polyphenols, Vitamins B, and Palmitoylethanolamide-Based Supplement to Help Reduce Nerve Pain: A Preclinical Study",2024
T9512,https://www.ncbi.nlm.nih.gov/pmc/articles/PMC11083947/,Postovulatory Aging of Mouse Oocytes Impairs Offspring Behavior by Causing Oxidative Stress and Damaging Mitochondria,2024
T9512,https://www.ncbi.nlm.nih.gov/pmc/articles/PMC11084157/,Plasma Redox Balance in Advanced-Maternal-Age Pregnant Women and Effects of Plasma on Umbilical Cord Mesenchymal Stem Cells,2024
T1507,https://www.ncbi.nlm.nih.gov/pmc/articles/PMC11084170/,Age Prediction Using DNA Methylation Heterogeneity Metrics,2024
T0697,https://www.ncbi.nlm.nih.gov/pmc/articles/PMC11084172/,"The Mediterranean Diet, Its Microbiome Connections, and Cardiovascular Health: A Narrative Review",2024
T4829,https://www.ncbi.nlm.nih.gov/pmc/articles/PMC11084235/,CNS Resident Innate Immune Cells: Guardians of CNS Homeostasis,2024
T9512,https://www.ncbi.nlm.nih.gov/pmc/articles/PMC11084261/,Use of Statins in Heart Failure with Preserved Ejection Fraction: Current Evidence and Perspectives,2024
T0697,https://www.ncbi.nlm.nih.gov/pmc/articles/PMC11084264/,The Role of Collagen VIII in the Aging Mouse Kidney,2024
T1507,https://www.ncbi.nlm.nih.gov/pmc/articles/PMC11084311/,Blood-Based Epigenetic Age Acceleration and Incident Colorectal Cancer Risk: Findings from a Population-Based Case–Control Study,2024
T0651,https://www.ncbi.nlm.nih.gov/pmc/articles/PMC11084398/,"Links among Obesity, Type 2 Diabetes Mellitus, and Osteoporosis: Bone as a Target",2024
T9512,https://www.ncbi.nlm.nih.gov/pmc/articles/PMC11084575/,Disuse-Induced Muscle Fatigue: Facts and Assumptions,2024
T0651,https://www.ncbi.nlm.nih.gov/pmc/articles/PMC11084589/,Function and Mechanism of Abscisic Acid on Microglia-Induced Neuroinflammation in Parkinson’s Disease,2024
T1424,https://www.ncbi.nlm.nih.gov/pmc/articles/PMC11084641/,Emerging Roles of Vitamin B12 in Aging and Inflammation,2024
T0697,https://www.ncbi.nlm.nih.gov/pmc/articles/PMC11084658/,"Mitochondria-Derived Vesicles, Sterile Inflammation, and Pyroptosis in Liver Cancer: Partners in Crime or Innocent Bystanders?",2024
T4829,https://www.ncbi.nlm.nih.gov/pmc/articles/PMC11084717/,The Role of One-Carbon Metabolism and Methyl Donors in Medically Assisted Reproduction: A Narrative Review of the Literature,2024
T1507,https://www.ncbi.nlm.nih.gov/pmc/articles/PMC11084730/,Micronutrient Status and Breast Cancer: A Narrative Review,2024
T0697,https://www.ncbi.nlm.nih.gov/pmc/articles/PMC11084827/,"TGF-β2 Induces Ribosome Activity, Alters Ribosome Composition and Inhibits IRES-Mediated Translation in Chondrocytes",2024
T9512,https://www.ncbi.nlm.nih.gov/pmc/articles/PMC11084854/,"Combination of Tramiprosate, Curcumin, and SP600125 Reduces the Neuropathological Phenotype in Familial Alzheimer Disease PSEN1 I416T Cholinergic-like Neurons",2024
T0651,https://www.ncbi.nlm.nih.gov/pmc/articles/PMC11084950/,Extreme Tolerance of Extraocular Muscles to Diseases and Aging: Why and How?,2024
T1746,https://www.ncbi.nlm.nih.gov/pmc/articles/PMC11084952/,SIRT1 Serum Concentrations in Lipodystrophic Syndromes,2024
T1507,https://www.ncbi.nlm.nih.gov/pmc/articles/PMC11084977/,Uncovering Forensic Evidence: A Path to Age Estimation through DNA Methylation,2024
T0259,https://www.ncbi.nlm.nih.gov/pmc/articles/PMC11084988/,Exploring the Mechanisms of Yishen Tongluo Decoction on Repairing DNA Damage in Mouse Spermatogonia Cells Based on Whole Transcriptome Sequencing,2024
T9512,https://www.ncbi.nlm.nih.gov/pmc/articles/PMC11085010/,Supplementation of Micro- and Macronutrients—A Role of Nutritional Status in Non-Alcoholic Fatty Liver Disease,2024
T7379,https://www.ncbi.nlm.nih.gov/pmc/articles/PMC11085046/,"Targeting Aging and Longevity with Exogenous Nucleotides (TALENTs): Rationale, Design, and Baseline Characteristics from a Randomized Controlled Trial in Older Adults",2024
T7379,https://www.ncbi.nlm.nih.gov/pmc/articles/PMC11085130/,Vitamins in Gynecologic Malignancies,2024
T4880,https://www.ncbi.nlm.nih.gov/pmc/articles/PMC11085272/,Exploiting Natural Niches with Neuroprotective Properties: A Comprehensive Review,2024
T0697,https://www.ncbi.nlm.nih.gov/pmc/articles/PMC11085288/,Pharmacological Activities of Lonicerae japonicae flos and Its Derivative—“Chrysoeriol” in Skin Diseases,2024
T2849,https://www.ncbi.nlm.nih.gov/pmc/articles/PMC11085322/,The Impact of a Nutritional Intervention on Glycemic Control and Cardiovascular Risk Markers in Type 2 Diabetes,2024
T4829,https://www.ncbi.nlm.nih.gov/pmc/articles/PMC11085348/,Efficacy of Laurus nobilis L. for Tight Junction Protein Imbalance in Leaky Gut Syndrome,2024
T2936,https://www.ncbi.nlm.nih.gov/pmc/articles/PMC11085370/,High Adherence to the Mediterranean Dietary Pattern Is Inversely Associated with Systemic Inflammation in Older but Not in Younger Brazilian Adults,2024
T0651,https://www.ncbi.nlm.nih.gov/pmc/articles/PMC11085411/,"Pharmacological Potential of Kaempferol, a Flavonoid in the Management of Pathogenesis via Modulation of Inflammation and Other Biological Activities",2024
T0651,https://www.ncbi.nlm.nih.gov/pmc/articles/PMC11085553/,Indole-Based Compounds in the Development of Anti-Neurodegenerative Agents,2024
T0651,https://www.ncbi.nlm.nih.gov/pmc/articles/PMC11085624/,Chronic Kidney Disease Diets for Kidney Failure Prevention: Insights from the IL-11 Paradigm,2024
T5125,https://www.ncbi.nlm.nih.gov/pmc/articles/PMC11085692/,The Benefits of the Mediterranean Diet on Inflamm-Aging in Childhood Obesity,2024
T4880,https://www.ncbi.nlm.nih.gov/pmc/articles/PMC11085779/,Intracellular Protective Functions and Therapeutical Potential of Trehalose,2024
T4829,https://www.ncbi.nlm.nih.gov/pmc/articles/PMC11085905/,Sea Buckthorn Polysaccharide Ameliorates Colitis,2024
T4829,https://www.ncbi.nlm.nih.gov/pmc/articles/PMC11085971/,An emerging strategy: probiotics enhance the effectiveness of tumor immunotherapy via mediating the gut microbiome,2024
T2849,https://www.ncbi.nlm.nih.gov/pmc/articles/PMC11085973/,"Twice-Weekly 36-Hour Intermittent Fasting Practice Attenuates Hunger, Quadruples ß-Hydroxybutyrate, and Maintains Weight Loss: A Case Report",2024
T4829,https://www.ncbi.nlm.nih.gov/pmc/articles/PMC11086032/,New methods to unveil host-microbe interaction mechanisms along the microbiota-gut-brain-axis,2024
T0697,https://www.ncbi.nlm.nih.gov/pmc/articles/PMC11086047/,E-Posters,2024
T9545,https://www.ncbi.nlm.nih.gov/pmc/articles/PMC11086049/,Oral Presentations,2024
T9545,https://www.ncbi.nlm.nih.gov/pmc/articles/PMC11086354/,A Performance Analysis of Security Protocols for Distributed Measurement Systems Based on Internet of Things with Constrained Hardware and Open Source Infrastructures,2024
T3891,https://www.ncbi.nlm.nih.gov/pmc/articles/PMC11086915/,Neuromuscular electrical stimulation for physical function maintenance during hematopoietic stem cell transplantation: Study protocol,2024
T1424,https://www.ncbi.nlm.nih.gov/pmc/articles/PMC11087093/,Whole-transcriptome profiling reveals potential biomarkers for the reversal of thymic epithelial cell senescence by umbilical cord mesenchymal stem cells,2024
T9512,https://www.ncbi.nlm.nih.gov/pmc/articles/PMC11087097/,Ferulic acid in synergy with retinol alleviates oxidative injury of HaCaT cells during UVB-induced photoaging,2024
T9512,https://www.ncbi.nlm.nih.gov/pmc/articles/PMC11087104/,Medium-chain chlorinated paraffins (MCCPs) induce renal cell aging and ferroptosis,2024
T9512,https://www.ncbi.nlm.nih.gov/pmc/articles/PMC11087111/,Mechanism of ameliorating cerebral ischemia/reperfusion injury by antioxidant inhibition of autophagy based on network pharmacology and experimental verification,2024
T3497,https://www.ncbi.nlm.nih.gov/pmc/articles/PMC11087116/,Comprehensive analysis of macrophage-related genes in prostate cancer by integrated analysis of single-cell and bulk RNA sequencing,2024
T1424,https://www.ncbi.nlm.nih.gov/pmc/articles/PMC11087119/,Senescent characteristics of human corneal endothelial cells upon ultraviolet-A exposure,2024
T9512,https://www.ncbi.nlm.nih.gov/pmc/articles/PMC11087120/,Comprehensive bioinformatics analysis of NOX4 as a biomarker for pan-cancer prognosis and immune infiltration,2024
T0651,https://www.ncbi.nlm.nih.gov/pmc/articles/PMC11087121/,Aberrant expression of thyroidal hormone receptor α exasperating mitochondrial dysfunction induced sarcopenia in aged mice,2024
T0651,https://www.ncbi.nlm.nih.gov/pmc/articles/PMC11087122/,A novel deep proteomic approach in human skeletal muscle unveils distinct molecular signatures affected by aging and resistance training,2024
T5430,https://www.ncbi.nlm.nih.gov/pmc/articles/PMC11087129/,New insights from bidirectional Mendelian randomization: causal relationships between telomere length and mitochondrial DNA copy number in aging biomarkers,2024
T0697,https://www.ncbi.nlm.nih.gov/pmc/articles/PMC11087132/,Compound sophora decoction alleviates ulcerative colitis by regulating macrophage polarization through cGAS inhibition: network pharmacology and experimental validation,2024
T1507,https://www.ncbi.nlm.nih.gov/pmc/articles/PMC11087135/,Associations among NMR-measured inflammatory and metabolic biomarkers and accelerated aging in cardiac catheterization patients,2024
T9512,https://www.ncbi.nlm.nih.gov/pmc/articles/PMC11087245/,The Effects of FABP4 on Cardiovascular Disease in the Aging Population,2024
T3891,https://www.ncbi.nlm.nih.gov/pmc/articles/PMC11087332/,Osteopontin Rejuvenates Senescent Adipose-Derived Stem Cells and Restores their Bone Tissue Regenerative Function,2024
T9512,https://www.ncbi.nlm.nih.gov/pmc/articles/PMC11087590/,A time-resolved multi-omics atlas of transcriptional regulation in response to high-altitude hypoxia across whole-body tissues,2024
T1424,https://www.ncbi.nlm.nih.gov/pmc/articles/PMC11087592/,Prototyping an Ontological Framework for Cellular Senescence Mechanisms: A Homeostasis Imbalance Perspective,2024
T9512,https://www.ncbi.nlm.nih.gov/pmc/articles/PMC11087646/,Role of umbilical cord mesenchymal stromal cells in skin rejuvenation,2024
T0651,https://www.ncbi.nlm.nih.gov/pmc/articles/PMC11087967/,Tryptophan residues in TDP-43 and SOD1 modulate the cross-seeding and toxicity of SOD1,2024
T9512,https://www.ncbi.nlm.nih.gov/pmc/articles/PMC11088021/,The evidence to date: implications of l-ascorbic acid in the pathophysiology of aging,2024
T8390,https://www.ncbi.nlm.nih.gov/pmc/articles/PMC11088029/,Chemotherapy-induced PTEN-L secretion promotes the selection of PTEN-deficient tumor cells,2024
T9512,https://www.ncbi.nlm.nih.gov/pmc/articles/PMC11088244/,"Extraction, purification and in vitro assessment of the antioxidant and anti-inflammatory activity of policosanols from non-psychoactive Cannabis sativa L.",2024
T9512,https://www.ncbi.nlm.nih.gov/pmc/articles/PMC11088339/,Therapeutic application of adipose-derived stromal vascular fraction in myocardial infarction,2024
T2620,https://www.ncbi.nlm.nih.gov/pmc/articles/PMC11088626/,Arthritis is associated with high nutritional risk among older Canadian adults from the Canadian Longitudinal Study on Aging,2024
T7379,https://www.ncbi.nlm.nih.gov/pmc/articles/PMC11088880/,DoUBLing up: ubiquitin and ubiquitin-like proteases in genome stability,2024
T1424,https://www.ncbi.nlm.nih.gov/pmc/articles/PMC11088985/,Multifaceted roles of Meg3 in cellular senescence and atherosclerosis,2024
T1424,https://www.ncbi.nlm.nih.gov/pmc/articles/PMC11089077/,Effect of Cellular Senescence in Disease Progression and Transplantation: Immune Cells and Solid Organs,2023
T0697,https://www.ncbi.nlm.nih.gov/pmc/articles/PMC11089092/,Breaking boundaries: the transformative role of exercise in managing multiple sclerosis,2024
T0651,https://www.ncbi.nlm.nih.gov/pmc/articles/PMC11089102/,Mitochondrial fatty acid beta-oxidation: a possible therapeutic target for skeletal muscle lipotoxicity in peripheral artery disease myopathy,2024
T4829,https://www.ncbi.nlm.nih.gov/pmc/articles/PMC11089144/,The role of the “gut microbiota-mitochondria” crosstalk in the pathogenesis of multiple sclerosis,2024
T9512,https://www.ncbi.nlm.nih.gov/pmc/articles/PMC11089161/,Endotoxin tolerance and trained immunity: breaking down immunological memory barriers,2024
T9512,https://www.ncbi.nlm.nih.gov/pmc/articles/PMC11089164/,Application and design considerations of ROS-based nanomaterials in diabetic kidney disease,2024
T4829,https://www.ncbi.nlm.nih.gov/pmc/articles/PMC11089315/,Genetically supported causality between gut microbiota and frailty: a two-sample Mendelian randomization study,2024
T4829,https://www.ncbi.nlm.nih.gov/pmc/articles/PMC11089359/,"The role of gut-lung axis in COPD: Pathogenesis, immune response, and prospective treatment",2024
T9512,https://www.ncbi.nlm.nih.gov/pmc/articles/PMC11089368/,A natural hydrogel complex improves intervertebral disc degeneration by correcting fatty acid metabolism and inhibiting nucleus pulposus cell pyroptosis,2024
T3497,https://www.ncbi.nlm.nih.gov/pmc/articles/PMC11089403/,Possible Roles of Extracellular Vesicles in the Pathogenesis and Interventions of Immune-Mediated Central Demyelinating Diseases,2024
T3497,https://www.ncbi.nlm.nih.gov/pmc/articles/PMC11090435/,Emerging strategies for nerve repair and regeneration in ischemic stroke: neural stem cell therapy,2023
T0651,https://www.ncbi.nlm.nih.gov/pmc/articles/PMC11090800/,Mitochondrial somatic mutation and selection throughout ageing,2024
T3891,https://www.ncbi.nlm.nih.gov/pmc/articles/PMC11090848/,Subchondral osteoclasts and osteoarthritis: new insights and potential therapeutic avenues: The role of OCs in OA,2024
T3497,https://www.ncbi.nlm.nih.gov/pmc/articles/PMC11091041/,Extracellular vesicles as nanotheranostic platforms for targeted neurological disorder interventions,2024
T1424,https://www.ncbi.nlm.nih.gov/pmc/articles/PMC11091247/,Acute intoxication with diisopropylfluorophosphate promotes cellular senescence in the adult male rat brain,2024
T1424,https://www.ncbi.nlm.nih.gov/pmc/articles/PMC11091331/,The role of transcription factors in the pathogenesis and therapeutic targeting of vascular diseases,2024
T9512,https://www.ncbi.nlm.nih.gov/pmc/articles/PMC11091342/,"Polysaccharides from Russula: a review on extraction, purification, and bioactivities",2024
T5854,https://www.ncbi.nlm.nih.gov/pmc/articles/PMC11091362/,Timing of TORC1 inhibition dictates Pol III involvement in Caenorhabditis elegans longevity,2024
T9545,https://www.ncbi.nlm.nih.gov/pmc/articles/PMC11091391/,Validation of the Barthel Index in Chinese nursing home residents: an item response theory analysis,2024
T5125,https://www.ncbi.nlm.nih.gov/pmc/articles/PMC11091437/,Vaccinomics and adversomics: key elements for a personalized vaccinology,2024
T0651,https://www.ncbi.nlm.nih.gov/pmc/articles/PMC11091503/,Multi-tissue transcriptome profiling linked the association between tissue-specific circRNAs and the heterosis for feed intake and efficiency in chicken,2024
T0651,https://www.ncbi.nlm.nih.gov/pmc/articles/PMC11091583/,Mitochondria-Related Candidate Genes and Diagnostic Model to Predict Late-Onset Alzheimer’s Disease and Mild Cognitive Impairment,2024
T0651,https://www.ncbi.nlm.nih.gov/pmc/articles/PMC11091648/,"The Body, the Brain, the Environment, and Parkinson’s Disease",2024
T0651,https://www.ncbi.nlm.nih.gov/pmc/articles/PMC11091651/,Towards a Unitary Hypothesis of Alzheimer’s Disease Pathogenesis,2024
T4829,https://www.ncbi.nlm.nih.gov/pmc/articles/PMC11091652/,Parkinson’s Disease is Predominantly a Genetic Disease,2024
T1507,https://www.ncbi.nlm.nih.gov/pmc/articles/PMC11091737/,MammalMethylClock R package: software for DNA methylation-based epigenetic clocks in mammals,2024
T1507,https://www.ncbi.nlm.nih.gov/pmc/articles/PMC11091762/,Creating Cultural and Lifestyle Awareness About Dementia and Co-morbidities,2024
T0651,https://www.ncbi.nlm.nih.gov/pmc/articles/PMC11092257/,"Tau- and α-synuclein-targeted gold nanoparticles: applications, opportunities, and future outlooks in the diagnosis and therapy of neurodegenerative diseases",2024
T3891,https://www.ncbi.nlm.nih.gov/pmc/articles/PMC11092281/,The Rejuvenation and Functional Restoration of Aged Adipose Stem Cells by DUXAP10 Knockdown via the Regulation of the miR-214-3p/RASSF5 Axis,2024
T0697,https://www.ncbi.nlm.nih.gov/pmc/articles/PMC11092463/,"A multi-organ map of the human immune system across age, sex and ethnicity",2024
T0651,https://www.ncbi.nlm.nih.gov/pmc/articles/PMC11092563/,Advances in the Treatment of Autism Spectrum Disorder: Current and Promising Strategies,2024
T9512,https://www.ncbi.nlm.nih.gov/pmc/articles/PMC11092763/,Cysteine Rich Intestinal Protein 2 is a copper-responsive regulator of skeletal muscle differentiation,2024
